ID,DOT,Question,Answer1,Answer2,Answer3,Answer4,CorrectAnswer,Category,Subcategory,Explanation,MustInclude,Difficulty,Language,Region,Product,PresenterContent,ContentSlide,JeopardyBoard,Reserved3,Reserved4,Reserved5,Reserved6,Reserved7,Reserved8,Reserved9,Reserved10,Reserved11,Reserved12,Reserved13,Reserved14,Reserved15
10000,,What is the primary purpose of Form W-2?,To summarize a taxpayer's total earnings and prepayments for the year,To report self-employment income only,To report state sales tax collected,To request a filing extension,1,Filing Basics & Dependents,Form W-2,Form W-2 summarizes a taxpayer's total earnings and prepayments and is the primary document employers use to report wages for calculating tax liability.,1,1,English,US,SafePrepIntuitTax,D,0,1,,,,,,,,,,,,,
10001,,Which W-2 box reports Social Security wages (income subject to Social Security tax)?,Box 1,Box 2,Box 3,Box 4,3,Filing Basics & Dependents,Form W-2,Box 3 reports Social Security wages; Box 4 reports the Social Security tax actually withheld on that amount.,1,1,English,US,SafePrepIntuitTax,D,0,1,,,,,,,,,,,,,
10002,,What is the base Medicare tax withholding rate shown in W-2 Box 6?,1.45%,6.20%,2.90%,3.80%,1,Filing Basics & Dependents,Form W-2,The base Medicare withholding rate is 1.45% of Medicare wages (Box 5).,0,1,English,US,SafePrepIntuitTax,D,0,1,,,,,,,,,,,,,
10003,,Which W-2 box uses codes to represent other compensation or reductions applicable to an individual's taxable income?,Box 10,Box 11,Box 12,Box 14,3,Filing Basics & Dependents,Form W-2,Box 12 (a-d) uses letter codes to represent various types of other compensation or pre-tax reductions.,0,1,English,US,SafePrepIntuitTax,D,0,1,,,,,,,,,,,,,
10004,,Where are dependent care benefits reported on Form W-2?,Box 10,Box 1,Box 12,Box 14,1,Filing Basics & Dependents,Form W-2,"Box 10 reports dependent care benefits, which can affect the dollar limit used to calculate the Child and Dependent Care Credit.",0,2,English,US,SafePrepIntuitTax,D,0,1,,,,,,,,,,,,,
10005,IRC §61(a),What is the correct order of steps to calculate a taxpayer's final tax due or refund?,Gross income minus adjustments = AGI; AGI minus standard/itemized deductions = taxable income; taxable income x tax rate = gross tax liability; gross tax liability minus credits minus prepayments = final tax due or refund,Taxable income minus credits = AGI; AGI minus adjustments = gross income,Gross tax liability minus adjustments = AGI; AGI x tax rate = final tax due,Prepayments minus credits = AGI; AGI minus deductions = final tax due,1,Tax Credits & Calculations,Tax Liability Formula,The formula flows: Gross income - adjustments = AGI; AGI - deductions = taxable income; taxable income x rate = gross tax liability; liability - credits - prepayments = amount due or refund.,1,2,English,US,SafePrepIntuitTax,D,0,1,,,,,,,,,,,,,
10006,,"A taxpayer has a tax liability of $5,223 and qualifies for a $1,200 Child and Dependent Care Credit. Since this credit is nonrefundable, what happens?","Liability is reduced to $4,023; no refund is generated from the credit","The taxpayer receives the full $1,200 as a refund",The credit is lost entirely because liability wasn't zeroed out,The credit converts to a carryforward automatically,1,Tax Credits & Calculations,Refundable vs Nonrefundable Credits,"Nonrefundable credits reduce liability dollar-for-dollar but cannot create a refund: $5,223 - $1,200 = $4,023 remaining balance.",0,2,English,US,SafePrepIntuitTax,D,0,1,,,,,,,,,,,,,
10007,,"A taxpayer owes $1,000 in tax and qualifies for a $1,500 refundable Earned Income Tax Credit. What is the result?",The taxpayer gets a $500 refund,The taxpayer's liability is reduced to $0 with no refund,The taxpayer still owes $500,The excess $500 is forfeited,1,Tax Credits & Calculations,Refundable vs Nonrefundable Credits,"Refundable credits can exceed liability and pay out the difference: $1,500 - $1,000 = $500 refund.",1,2,English,US,SafePrepIntuitTax,D,0,1,,,,,,,,,,,,,
10008,,Which of the following is a nonrefundable tax credit?,Child and Dependent Care Credit,Earned Income Tax Credit,Adoption Credit (fully),American Opportunity Tax Credit,1,Tax Credits & Calculations,Refundable vs Nonrefundable Credits,"The Child and Dependent Care Credit is nonrefundable. EITC is fully refundable, AOTC is partially refundable, and the Adoption Credit is partially refundable up to $5,000 if liability is reduced to $0.",1,2,English,US,SafePrepIntuitTax,D,0,1,,,,,,,,,,,,,
10009,,"For 2024, what is the maximum Child Tax Credit per qualifying child under 17?","$2,000 ","$1,000 ","$3,000 ","$2,500 ",1,Tax Credits & Calculations,Child Tax Credit & Related,"The 2024 Child Tax Credit is $2,000 per qualifying child under 17, subject to income limits, and is nonrefundable (though a portion may be claimed via the Additional Child Tax Credit).",1,1,English,US,SafePrepIntuitTax,D,0,1,,,,,,,,,,,,,
10010,,The Credit for Other Dependents applies to which of these situations?,"A disabled relative of any age, or a dependent over 17 who is a student, who does not qualify for the Child Tax Credit",Only children under age 6,Only a taxpayer's spouse,Only children who qualify for the EITC,1,Tax Credits & Calculations,Child Tax Credit & Related,"The Credit for Other Dependents covers a dependent who doesn't meet the Child Tax Credit's age/relationship rules but otherwise qualifies as a dependent, such as a disabled relative of any age.",0,2,English,US,SafePrepIntuitTax,D,0,1,,,,,,,,,,,,,
10011,,What is the Additional Child Tax Credit (ACTC)?,The refundable portion of the nonrefundable Child Tax Credit,A separate credit unrelated to the CTC,A credit only available to childless workers,A credit that replaces the standard deduction,1,Tax Credits & Calculations,Additional Child Tax Credit,"The CTC itself is nonrefundable, but a limited amount (2024 max $1,700 per qualifying child) can be claimed as refundable through the ACTC, provided the taxpayer reports at least $2,500 of earned income.",0,2,English,US,SafePrepIntuitTax,D,0,1,,,,,,,,,,,,,
10012,,"If the Adoption Credit reduces a taxpayer's liability to $0 with credit still remaining, what happens to the excess?","Up to $5,000 of the remaining credit is refundable; any further excess carries forward up to 5 years",The entire excess is refunded,The excess is forfeited entirely,The excess automatically becomes a Child Tax Credit,1,Tax Credits & Calculations,Adoption Credit,"The Adoption Credit is partially refundable: up to $5,000 of the remaining amount is refundable, and any unused balance beyond that carries forward for up to 5 years.",0,3,English,US,SafePrepIntuitTax,D,0,1,,,,,,,,,,,,,
10013,,Which version of Form 1040 is designed for taxpayers age 65 and older?,Form 1040-SR,Form 1040-NR,Form 1040-X,Form 1040-EZ,1,Filing Basics & Dependents,Form Variants,"Form 1040-SR is designed for senior taxpayers age 65+. Form 1040-NR is for non-U.S. citizens without a green card, and Form 1040-X is used to amend a previously filed return.",1,1,English,US,SafePrepIntuitTax,D,0,1,,,,,,,,,,,,,
10014,,Which form should a taxpayer file to amend a previously filed Form 1040?,Form 1040-X,Form 1040-SR,Form 1040-NR,Form 4972,1,Filing Basics & Dependents,Form Variants,Form 1040-X is used specifically to amend a previously filed Form 1040.,0,1,English,US,SafePrepIntuitTax,D,0,1,,,,,,,,,,,,,
10015,,"A taxpayer receives a Form 1099-INT with $4,525 in Box 1 (taxable interest) and $200 in Box 8 (tax-exempt municipal bond interest). How should this be reported on Form 1040?","Line 2a (tax-exempt) = $200; Line 2b (taxable) = $4,525","Line 2a = $4,525; Line 2b = $200",Both amounts combined on Line 2a,Both amounts combined on Line 2b,1,Filing Basics & Dependents,Interest Income Placement,Line 2a is for tax-exempt interest (Box 8) and Line 2b is for taxable interest (Box 1). Entering taxable Box 1 interest on Line 2a is a common error.,1,2,English,US,SafePrepIntuitTax,D,0,1,,,,,,,,,,,,,
10016,,"A taxpayer's Form 1099-INT shows Box 1 (interest income) $4,525, Box 3 (U.S. Savings Bond/Treasury interest) $100, and Box 8 (tax-exempt interest) $200. What are the correct Form 1040 line entries?","Line 2a = $200; Line 2b = $4,625 (Box 1 + Box 3)","Line 2a = $4,625; Line 2b = $200","Line 2a = $300; Line 2b = $4,525","Line 2a = $0; Line 2b = $4,825",1,Filing Basics & Dependents,Interest Income Placement,"Box 1 and Box 3 are both taxable and combine on Line 2b ($4,525 + $100 = $4,625); Box 8 tax-exempt interest goes on Line 2a alone ($200).",0,3,English,US,SafePrepIntuitTax,D,0,1,,,,,,,,,,,,,
10017,,"Which box on Form 1099-R reports the taxable amount of a retirement, pension, or annuity distribution that flows into Form 1040's income section?",Box 2a,Box 1,Box 7,Box 4,1,Filing Basics & Dependents,Retirement Income Reporting,"Box 2a of Form 1099-R shows the taxable amount of the distribution, which flows into the income section of Form 1040.",0,2,English,US,SafePrepIntuitTax,D,0,1,,,,,,,,,,,,,
10018,,What was the 2024 standard deduction for a Married Filing Jointly couple?,"$29,200 ","$14,600 ","$21,900 ","$27,700 ",1,Filing Basics & Dependents,Standard Deduction,"The 2024 standard deduction was $14,600 for Single/MFS filers and $29,200 for MFJ/Qualifying Surviving Spouse, with an additional $1,550-$1,950 per spouse age 65+ (course cited approximately $6,000 combined for both spouses 65+).",1,1,English,US,SafePrepIntuitTax,D,0,1,,,,,,,,,,,,,
10019,,"Line 13 of Form 1040 reports which deduction, requiring Form 8995 or 8995-A?",Qualified Business Income (QBI) deduction,Standard deduction,Itemized deductions,Educator expense deduction,1,Filing Basics & Dependents,Standard Deduction,"Line 13 reports the Qualified Business Income deduction, which requires Form 8995 (simplified) or 8995-A (more complex situations).",0,2,English,US,SafePrepIntuitTax,D,0,1,,,,,,,,,,,,,
10020,,When is a taxpayer eligible for a refund?,When combined payments and credits exceed the tax owed,When payments and credits exactly equal tax owed,Only when itemizing deductions,Only if income is below the filing threshold,1,Filing Basics & Dependents,Refund Eligibility,"A refund occurs specifically when combined payments and credits are MORE than the tax owed, not merely equal to it.",0,1,English,US,SafePrepIntuitTax,D,0,1,,,,,,,,,,,,,
10021,,Which of these is an example of misclassifying income on Form 1040?,Reporting taxable interest from Form 1099-INT on Line 2a (tax-exempt) instead of Line 2b (taxable),Filing an extension after April 15,Choosing to itemize instead of taking the standard deduction,Claiming the Child Tax Credit for an eligible child,1,Filing Basics & Dependents,Misclassification Errors,"Misclassifying income happens when income or deductions are placed on the wrong line, such as reporting taxable interest as tax-exempt interest.",0,2,English,US,SafePrepIntuitTax,D,0,1,,,,,,,,,,,,,
10022,,A taxpayer recently got married but still files as Single. What is wrong with this?,"Once married, a person can no longer file as Single - only MFJ or MFS",Nothing is wrong; Single remains valid until the following year,They must file as Head of Household instead,They must wait until they have a child to change status,1,Filing Basics & Dependents,Filing Status Errors,"Marital status is determined as of December 31 of the tax year - once married, Single is no longer an available filing status; the choice becomes Married Filing Jointly or Married Filing Separately.",1,1,English,US,SafePrepIntuitTax,D,0,1,,,,,,,,,,,,,
10023,,"A taxpayer's Schedule D correctly shows capital gain dividends from Form 1099-DIV, but the result never gets carried onto Form 1040. What type of error is this?",Schedule not included/not carried forward to the main return,Misclassified income,Inaccurate filing status,Math error,1,Filing Basics & Dependents,Schedule Errors,"Even when a supporting schedule is completed correctly, its result must actually be carried onto Form 1040 - failing to do so is its own distinct error type.",0,2,English,US,SafePrepIntuitTax,D,0,1,,,,,,,,,,,,,
10024,,"Which schedule is used to report Additional Income and Adjustments to Income, such as rental income flowing in from Schedule E?",Schedule 1,Schedule A,Schedule B,Schedule C,1,Tax Credits & Calculations,Schedule Purposes,Schedule 1 covers Additional Income and Adjustments to Income.,1,1,English,US,SafePrepIntuitTax,D,0,1,,,,,,,,,,,,,
10025,,Which schedule reports Profit or Loss From Business for a sole proprietorship?,Schedule C,Schedule E,Schedule SE,Schedule 1,1,Tax Credits & Calculations,Schedule Purposes,"Schedule C reports self-employment/business income, distinct from Schedule E's passive rental, royalty, and partnership income.",1,1,English,US,SafePrepIntuitTax,D,0,1,,,,,,,,,,,,,
10026,,"Rental real estate income should be reported on which schedule, which then flows into Schedule 1?",Schedule E,Schedule C,Schedule A,Schedule D,1,Tax Credits & Calculations,Schedule Purposes,"Schedule E (Supplemental Income and Loss) covers rental real estate, royalties, partnerships, S corporations, estates, and trusts.",1,1,English,US,SafePrepIntuitTax,D,0,1,,,,,,,,,,,,,
10027,,When must Schedule B be filed?,"If taxable interest and/or ordinary dividends exceed $1,500 for the year, among other triggers","Whenever any interest is received, no matter the amount",Only for foreign-sourced dividends,Only if the taxpayer itemizes,1,Tax Credits & Calculations,Schedule Purposes,"Schedule B is required if interest/dividends exceed $1,500, or for amortizable bond premium interest, seller-financed mortgages, or foreign accounts.",1,2,English,US,SafePrepIntuitTax,D,0,1,,,,,,,,,,,,,
10028,,Which schedule is used only if a taxpayer's itemized deductions exceed the standard deduction?,Schedule A,Schedule 1,Schedule 2,Schedule 3,1,Tax Credits & Calculations,Schedule Purposes,Schedule A (Itemized Deductions) is used only when itemizing produces a larger deduction than the standard deduction.,1,1,English,US,SafePrepIntuitTax,D,0,1,,,,,,,,,,,,,
10029,,"Which schedule reports Self-Employment Tax, and must be completed by anyone with self-employment income regardless of age?",Schedule SE,Schedule C,Schedule 2,Schedule 3,1,Tax Credits & Calculations,Schedule Purposes,Schedule SE calculates self-employment tax and applies regardless of the taxpayer's age or Social Security/Medicare benefit status.,0,1,English,US,SafePrepIntuitTax,D,0,1,,,,,,,,,,,,,
10030,,"Which schedule covers Additional Taxes, such as self-employment tax owed or clean-vehicle credit recapture?",Schedule 2,Schedule 1,Schedule 3,Schedule EIC,1,Tax Credits & Calculations,Schedule Purposes,Schedule 2 (Additional Taxes) covers items like self-employment tax owed and repayment of certain credits.,0,2,English,US,SafePrepIntuitTax,D,0,1,,,,,,,,,,,,,
10031,,Which schedule must be attached when claiming Child Tax Credits?,Schedule 8812,Schedule EIC,Schedule 3,Schedule A,1,Tax Credits & Calculations,Schedule Purposes,Schedule 8812 (Credits for Qualifying Children and Other Dependents) is required when claiming child tax credits.,0,2,English,US,SafePrepIntuitTax,D,0,1,,,,,,,,,,,,,
10032,,"Which schedule is completed for nonrefundable credits, refundable credits, and other payments not otherwise listed on Form 1040?",Schedule 3,Schedule 2,Schedule 1,Schedule SE,1,Tax Credits & Calculations,Schedule Purposes,Schedule 3 (Additional Credits and Payments) covers this category of items.,0,2,English,US,SafePrepIntuitTax,D,0,1,,,,,,,,,,,,,
10033,,Which schedule must be attached to Form 1040/1040-SR when claiming the EITC with a qualifying child?,Schedule EIC,Schedule 8812,Schedule 1,Schedule C,1,Tax Credits & Calculations,Schedule Purposes,Schedule EIC (Earned Income Credit Qualifying Child Information) is attached only when the taxpayer has a qualifying child and qualifies for the EITC.,0,2,English,US,SafePrepIntuitTax,D,0,1,,,,,,,,,,,,,
10034,,Which schedule reports Capital Gains and Losses from the sale of capital assets?,Schedule D,Schedule E,Schedule B,Schedule 3,1,Tax Credits & Calculations,Schedule Purposes,"Schedule D covers capital gains and losses, including capital gain distributions.",1,1,English,US,SafePrepIntuitTax,D,0,1,,,,,,,,,,,,,
10035,,"In general, when must an individual make estimated tax payments?","When they expect to owe $1,000 or more, unless an exception applies","Whenever they are self-employed, with no dollar threshold",Only if they had a balance due the prior year,"Only if their income exceeds $100,000",1,Filing Basics & Dependents,Estimated Tax Requirement,"The general threshold for estimated payments is expecting to owe $1,000 or more, subject to a set of exemption conditions.",1,1,English,US,SafePrepIntuitTax,D,0,1,,,,,,,,,,,,,
10036,,"A sole proprietor expects to owe $1,500 this year but had no tax liability last year, was a U.S. citizen all year, and last year covered a full 12 months. Must she make estimated payments?","No - she meets all three exemption conditions even though her liability exceeds $1,000","Yes, because her liability exceeds $1,000","Yes, because she is self-employed","No, because sole proprietors are always exempt",1,Filing Basics & Dependents,Estimated Tax Exemptions,"An individual is exempt from estimated payments if they had no prior-year tax liability, were a U.S. citizen/resident alien all year, and the prior year covered 12 months - all three are met here.",0,2,English,US,SafePrepIntuitTax,D,0,1,,,,,,,,,,,,,
10037,,Which of these is NOT a valid reason to waive the underpayment penalty?,Being unaware of the tax laws,A severe weather disaster,"Becoming disabled with reasonable cause, not willful neglect",Retiring after turning 62,1,Filing Basics & Dependents,Underpayment Penalty,"Ignorance of the law is not a valid waiver reason. Valid reasons include a casualty/disaster, disability with reasonable cause, or retiring after age 62.",1,2,English,US,SafePrepIntuitTax,D,0,1,,,,,,,,,,,,,
10038,,Which form is used to determine whether a penalty applies for underpayment of estimated tax?,Form 2210,Form 4972,Form 8606,Form 8889,1,Filing Basics & Dependents,Underpayment Penalty,Form 2210 is used to verify whether an underpayment penalty applies.,0,2,English,US,SafePrepIntuitTax,D,0,1,,,,,,,,,,,,,
10039,,Which of the following is one of the four estimated tax payment due dates?,15-Sep,1-Mar,1-Aug,15-Nov,1,Filing Basics & Dependents,Due Dates,"The four estimated payment due dates are April 15, June 15, September 15, and January 15 of the following year.",0,1,English,US,SafePrepIntuitTax,D,0,1,,,,,,,,,,,,,
10040,,What is a key requirement when submitting a filing extension request?,"The request must be submitted by April 15, and any tax owed must be paid at that time",The extension also extends the deadline to pay any tax owed,Extensions are only available to taxpayers who itemize,No payment is required until the extended filing deadline,1,Filing Basics & Dependents,Filing Extensions,"An extension only extends the time to file, not the time to pay - tax owed is still due by April 15, and late payment triggers fees plus interest even with an approved extension.",1,2,English,US,SafePrepIntuitTax,D,0,1,,,,,,,,,,,,,
10041,,Which of the following is an IRS exception category to the 10% early withdrawal penalty on retirement accounts?,First-time homebuyers,Vacation expenses,Credit card debt payoff,Routine home repairs,1,Retirement Accounts & Distributions,Early Withdrawal Penalty Exceptions,"First-time homebuyer withdrawals (up to $10,000, IRA only - not 401(k)) are among the IRS exceptions to the 10% early withdrawal penalty, alongside death, disability, and certain medical and rollover situations.",1,1,English,US,SafePrepIntuitTax,D,0,1,,,,,,,,,,,,,
10042,,"A qualified first-time homebuyer wants to withdraw up to $10,000 penalty-free for a home purchase. From which account can they do this?","An IRA, but not a 401(k)","A 401(k), but not an IRA",Either an IRA or a 401(k) equally,Neither - this exception does not exist,1,Retirement Accounts & Distributions,Early Withdrawal Penalty Exceptions,"The $10,000 first-time homebuyer exception to the 10% penalty applies to IRAs only, not 401(k) plans.",1,2,English,US,SafePrepIntuitTax,D,0,1,,,,,,,,,,,,,
10043,,"A retired law enforcement officer pays $4,600 in health insurance premiums directly from her IRA to the insurer. How much can she exclude from taxable income under the Public Safety Officer Premium Exclusion?","$3,000 (she must report the remaining $1,600 as taxable)","The full $4,600","$1,600 ",$0 - IRA distributions don't qualify,1,Retirement Accounts & Distributions,Public Safety Officer Premium Exclusion,"Eligible retired public safety officers can exclude up to $3,000 per year for premiums paid directly from the retirement plan to the insurer; any excess remains taxable.",1,2,English,US,SafePrepIntuitTax,D,0,1,,,,,,,,,,,,,
10044,,"Which role is NOT eligible for the $3,000 Public Safety Officer Premium Exclusion, even though it IS treated as a public safety officer for the 10% early-withdrawal-penalty exemption?",Air traffic controller,Firefighter,Law enforcement officer,Rescue squad member,1,Retirement Accounts & Distributions,Public Safety Officer Premium Exclusion,"Air traffic controllers qualify as public safety officers for the early-withdrawal-penalty exemption but are specifically excluded from the $3,000 premium exclusion - two separate eligibility lists.",1,3,English,US,SafePrepIntuitTax,D,0,1,,,,,,,,,,,,,
10045,,"Does the $3,000 Public Safety Officer Premium Exclusion extend to a surviving spouse after the retired officer's death?",No - it applies only during the retired officer's own lifetime,Yes - it automatically continues for the spouse,"Yes, but only for one year after death","Yes, but only if the spouse remarries a public safety officer",1,Retirement Accounts & Distributions,Public Safety Officer Premium Exclusion,The exclusion applies only to the retired officer during their own lifetime and does not extend to survivors.,0,2,English,US,SafePrepIntuitTax,D,0,1,,,,,,,,,,,,,
10046,,"A taxpayer earning $50,000/year takes a $150,000 lump-sum retirement withdrawal, pushing taxable income to $200,000. What happens to her tax bracket?","She moves into a much higher tax bracket, since lump sums are taxed as ordinary income added to total taxable income",Her bracket is unaffected since retirement income is taxed separately,The lump sum is taxed at a flat 10% regardless of bracket,"Only the amount over $100,000 is taxable",1,Retirement Accounts & Distributions,Lump-Sum Distributions,"Lump-sum distributions are taxed as regular income and are added to total taxable income for the year, which can push a taxpayer into a much higher bracket.",1,2,English,US,SafePrepIntuitTax,D,0,1,,,,,,,,,,,,,
10047,,Which of the following can help reduce the tax burden of a lump-sum retirement distribution?,"Rolling the distribution into an IRA within 60 days, or taking smaller periodic distributions instead",Depositing the withdrawn funds into a regular savings account,Spending the funds immediately on deductible expenses,Reporting only half of the distribution,1,Retirement Accounts & Distributions,Lump-Sum Distributions,"A 60-day rollover into an IRA, or spreading withdrawals over time instead of taking a lump sum, both help reduce the tax impact; simply moving cash to a savings account does not avoid taxation.",1,2,English,US,SafePrepIntuitTax,D,0,1,,,,,,,,,,,,,
10048,IRS Form 4972,Under what condition can a taxpayer use Form 4972 to elect preferential tax treatment (10-year averaging or 20% capital gain treatment) on a lump-sum distribution?,"They were born before January 2, 1936",They rolled the entire distribution into an IRA,They are over age 59 1/2,They closed the retirement account entirely,1,Retirement Accounts & Distributions,Lump-Sum Distributions,"Form 4972's preferential treatment is available only to taxpayers born before January 2, 1936 - simply rolling over or closing the account does not grant this treatment.",0,3,English,US,SafePrepIntuitTax,D,0,1,,,,,,,,,,,,,
10049,,A retiree receives a lump-sum Social Security payment covering benefits for several prior years. Must they amend their tax returns for those prior years?,No - the lump-sum election method accounts for it entirely on the current year's return,"Yes, they must amend each prior year individually","Yes, but only the most recent prior year",No amendment or special reporting is needed at all,1,Retirement Accounts & Distributions,Social Security Benefits - Lump Sum,"The lump-sum election method calculates how much of the payment would have been taxable in each prior year, without requiring the taxpayer to actually amend those returns.",1,2,English,US,SafePrepIntuitTax,D,0,1,,,,,,,,,,,,,
10050,,What penalty applies if a taxpayer fails to take their full Required Minimum Distribution (RMD)?,25% of the amount that should have been withdrawn,10% of the entire account balance,A flat $500 fine,"There is no penalty, only interest accrues",1,Retirement Accounts & Distributions,RMD Basics,Failing to take an RMD results in a 25% penalty on the amount that should have been withdrawn.,1,1,English,US,SafePrepIntuitTax,D,0,1,,,,,,,,,,,,,
10051,,Which retirement account type does NOT require RMDs during the original owner's lifetime?,Roth IRA,Traditional IRA,401(k),403(b),1,Retirement Accounts & Distributions,RMD Basics,"Roth IRAs have no RMD requirement during the original owner's lifetime, unlike Traditional IRAs, 401(k)s, and 403(b)s.",1,1,English,US,SafePrepIntuitTax,D,0,1,,,,,,,,,,,,,
10052,,"For RMD purposes, which account types allow the total calculated RMD to be withdrawn from just one account (aggregation)?","Traditional, SIMPLE, and SEP IRAs, and 403(b) plans",401(k) and 457(b) plans,Only Roth IRAs,None - every account requires a separate withdrawal,1,Retirement Accounts & Distributions,RMD Withdrawal Rules,"IRAs (Traditional, SIMPLE, SEP) and 403(b) plans allow aggregation once the total RMD is calculated. 401(k) and 457(b) plans require RMDs to be taken separately from each plan account.",0,3,English,US,SafePrepIntuitTax,D,0,1,,,,,,,,,,,,,
10053,,Which rollover triggers taxation because pre-tax funds are being converted to a Roth account?,401(k) to Roth IRA,401(k) to a new employer's 401(k),401(k) to a Traditional IRA,Traditional IRA to another Traditional IRA,1,Retirement Accounts & Distributions,Rollovers,Rolling a 401(k) into a Roth IRA is taxable because it converts pre-tax funds into an account with after-tax treatment; rollovers within the same tax treatment (401(k) to 401(k) or to a Traditional IRA) are tax-free.,1,2,English,US,SafePrepIntuitTax,D,0,1,,,,,,,,,,,,,
10054,,What is the key difference between a direct and an indirect rollover?,"A direct rollover moves funds trustee-to-trustee with no withholding; an indirect rollover pays the owner directly, who then has 60 days to redeposit the funds, with 20% mandatorily withheld",A direct rollover always has 20% withheld; an indirect rollover never does,There is no difference in tax treatment between the two,A direct rollover requires Form 8606; an indirect rollover does not,1,Retirement Accounts & Distributions,Rollovers,"Direct rollovers move funds trustee-to-trustee with no withholding. Indirect rollovers pay the account owner directly, subject to mandatory 20% federal withholding, and the owner has 60 days to complete the rollover (needing other funds to replace the withheld amount for a full rollover).",1,2,English,US,SafePrepIntuitTax,D,0,1,,,,,,,,,,,,,
10055,,"A taxpayer takes a $2,000 indirect rollover distribution from a qualified plan and receives a check for $1,600. Why isn't the check for the full $2,000?","A mandatory 20% federal withholding applies to indirect rollovers ($2,000 x 20% = $400 withheld)",A processing fee was deducted,A nonrefundable penalty was withheld,The trustee made an error,1,Retirement Accounts & Distributions,Rollovers,"Indirect rollover distributions are subject to mandatory 20% federal income tax withholding: $2,000 - $400 = $1,600.",0,2,English,US,SafePrepIntuitTax,D,0,1,,,,,,,,,,,,,
10056,,"Which Form 1099-R Box 7 distribution code is used to designate a direct rollover to a qualified plan, 403(b), governmental 457(b), or IRA?",Code G,Code 1,Code 2,Code 7,1,Retirement Accounts & Distributions,Form 1099-R Distribution Codes,"Code G designates a direct rollover of a distribution to a qualified plan, 403(b), governmental 457(b) plan, or IRA.",1,2,English,US,SafePrepIntuitTax,D,0,1,,,,,,,,,,,,,
10057,,A Roth conversion done before age 59 1/2 is taxable but not subject to the 10% early distribution penalty. Which Box 7 code applies?,"Code 2 (early distribution, exception applies)","Code 1 (early distribution, no known exception)",Code 7 (normal distribution),"Code J (early Roth distribution, no known exception)",1,Retirement Accounts & Distributions,Form 1099-R Distribution Codes,"Code 2 is used when an early distribution exception applies, which commonly covers a Roth conversion completed before age 59 1/2.",0,3,English,US,SafePrepIntuitTax,D,0,1,,,,,,,,,,,,,
10058,,"Which Form 1099-R Box 7 code is used for distributions to a beneficiary of a decedent, regardless of the deceased participant's age?",Code 4 (Death),Code 3 (Disability),Code 7 (Normal distribution),"Code 8 (Excess contributions, current year)",1,Retirement Accounts & Distributions,Form 1099-R Distribution Codes,"Code 4 (Death) applies to distributions to a beneficiary of a decedent, including an estate or trust, regardless of the deceased's age.",0,2,English,US,SafePrepIntuitTax,D,0,1,,,,,,,,,,,,,
10059,,"What is the difference between Form 1099-R Box 7 Codes 8 and P, both used for excess contribution withdrawals?",Code 8 means the earnings are taxable in the current year; Code P means they are taxable in the prior year,Code 8 is for IRAs; Code P is for 401(k)s only,Code P applies only to Roth accounts,There is no difference - they are interchangeable,1,Retirement Accounts & Distributions,Form 1099-R Distribution Codes,"Both codes indicate a withdrawn excess contribution plus earnings; Code 8 taxes the earnings in the current year, while Code P taxes them in the prior year.",0,3,English,US,SafePrepIntuitTax,D,0,1,,,,,,,,,,,,,
10060,,"A 65-year-old, still working, withdraws $10,000 from her IRA. Why does she receive a Form 1099-R?","Any withdrawal from a retirement account generates a 1099-R, regardless of whether the person is retired",It signals she is being audited,It was issued in error since she is still working,Only withdrawals after full retirement trigger a 1099-R,1,Retirement Accounts & Distributions,Form 1099-R Requirements,"All retirement account withdrawals are reported on Form 1099-R, whether or not the account owner has actually retired.",0,2,English,US,SafePrepIntuitTax,D,0,1,,,,,,,,,,,,,
10061,,"A 65-year-old withdraws $10,000 from her IRA. Will she owe the 10% early withdrawal penalty?","No - she is over 59 1/2, so no penalty applies (though the withdrawal is still taxable as ordinary income)","Yes, because all withdrawals are penalized","Yes, unless she rolls it into another account",No penalty applies to any IRA withdrawal at any age,1,Retirement Accounts & Distributions,Form 1099-R Requirements,"The 10% early withdrawal penalty applies only to withdrawals before age 59 1/2 (absent an exception); after 59 1/2, withdrawals are simply taxable as ordinary income.",0,1,English,US,SafePrepIntuitTax,D,0,1,,,,,,,,,,,,,
10062,,Which of these does NOT generate a Form 1099-R?,A regular paycheck,An early distribution from a 401(k),A payout on a matured life insurance policy,Rolling over a 401(k) to an IRA,1,Retirement Accounts & Distributions,What Generates a 1099-R,"A regular paycheck does not require a 1099-R. Retirement distributions, rollovers, and matured life insurance/annuity payouts do.",0,1,English,US,SafePrepIntuitTax,D,0,1,,,,,,,,,,,,,
10063,,What determines the percentage of a taxpayer's Social Security benefits that is taxable?,"Total income (other income plus 50% of Social Security benefits), compared against IRS thresholds","A flat 15% of all benefits, always",Whether the recipient is over age 70,The state where the recipient lives,1,Retirement Accounts & Distributions,Social Security Taxability,"Provisional income (other income plus half of Social Security benefits) is compared to IRS thresholds to determine whether 0%, up to 50%, or up to 85% of benefits are taxable.",1,2,English,US,SafePrepIntuitTax,D,0,1,,,,,,,,,,,,,
10064,,Which filing status can result in a HIGHER percentage of Social Security benefits being taxable than other statuses at the same income level?,Married Filing Separately while living with the spouse,Single,Head of Household,Qualifying Surviving Spouse,1,Retirement Accounts & Distributions,Social Security Taxability,Married Filing Separately taxpayers who lived with their spouse during the year face less favorable Social Security taxability thresholds than other filing statuses.,0,3,English,US,SafePrepIntuitTax,D,0,1,,,,,,,,,,,,,
10065,,Can an individual own and contribute to multiple Traditional and Roth IRAs at the same time?,Yes,No - only one IRA is allowed per person,Only if they are self-employed,Only after age 50,1,Retirement Accounts & Distributions,IRA Basics,"An individual can own and contribute to multiple IRAs of either type simultaneously, subject to the combined annual contribution limit.",0,1,English,US,SafePrepIntuitTax,D,0,1,,,,,,,,,,,,,
10066,,Can a contribution be designated for the previous tax year even after that year has ended?,"Yes, up until the tax return filing deadline","No, contributions must be made within the calendar year they're for","Only for Roth IRAs, not Traditional",Only if an extension was filed,1,Retirement Accounts & Distributions,IRA Basics,IRA contributions can be designated for the prior tax year up until the filing deadline for that year's return.,0,2,English,US,SafePrepIntuitTax,D,0,1,,,,,,,,,,,,,
10067,,Which of the following counts as compensation for IRA contribution purposes?,Self-employment earnings,Investment income,Pension income,Excluded foreign-earned income,1,Retirement Accounts & Distributions,Compensation for IRA Purposes,"Compensation for IRA purposes generally means earned income such as wages, commissions, and self-employment earnings - not investment income, pensions, or excluded foreign-earned income.",1,2,English,US,SafePrepIntuitTax,D,0,1,,,,,,,,,,,,,
10068,,Is taxable alimony income considered compensation for IRA contribution purposes?,"Only if from a divorce/separation agreement executed on or before December 31, 2018 and not modified to adopt post-2017 rules",Always considered compensation regardless of when the agreement was executed,Never considered compensation,Only for agreements executed after 2018,1,Retirement Accounts & Distributions,Compensation for IRA Purposes,Alimony counts as IRA compensation only under pre-2019 divorce/separation agreement rules; agreements executed or modified after that date are excluded.,0,3,English,US,SafePrepIntuitTax,D,0,1,,,,,,,,,,,,,
10069,,Is nontaxable combat pay treated as compensation for IRA contribution purposes?,Yes - it is a specific exception treated as compensation,No - only taxable income counts,Only for Roth IRAs,"Only for reservists, not active duty",1,Retirement Accounts & Distributions,Compensation for IRA Purposes,"Nontaxable combat pay is a specific IRS exception and IS treated as compensation for IRA purposes, despite not being taxable income.",0,2,English,US,SafePrepIntuitTax,D,0,1,,,,,,,,,,,,,
10070,,Which statement correctly distinguishes a Traditional IRA from a Roth IRA?,Traditional IRA contributions may be tax-deductible; Roth IRA contributions are never tax-deductible,Roth IRA contributions are always tax-deductible; Traditional IRA contributions never are,Both are always fully deductible,Neither type allows any tax deduction,1,Retirement Accounts & Distributions,Traditional vs Roth,Traditional IRA contributions may be deductible (subject to limits); Roth IRA contributions can never be deducted.,1,1,English,US,SafePrepIntuitTax,D,0,1,,,,,,,,,,,,,
10071,,"A taxpayer contributed $3,000 to her Traditional IRA and $2,000 to her Roth IRA. Why was her gross income only adjusted by $3,000?","Roth IRA contributions are never tax deductible, so only the Traditional IRA contribution reduces income",The Roth contribution was over the limit,Only contributions made in December count,Roth contributions require a separate form,1,Retirement Accounts & Distributions,Traditional vs Roth,"Since Roth contributions are never deductible, only the $3,000 Traditional IRA contribution can adjust (reduce) taxable income.",0,2,English,US,SafePrepIntuitTax,D,0,1,,,,,,,,,,,,,
10072,,What must a taxpayer do to avoid the excise tax penalty on an excess IRA contribution?,Withdraw the excess contribution plus any earnings on it by the tax return filing deadline (including extensions),Simply leave the excess in the account and pay it off over time,Convert the excess to a Roth IRA,Report it as ordinary income with no other action needed,1,Retirement Accounts & Distributions,Excess Contributions,The excess contribution plus earnings must be withdrawn by the filing deadline (or extended deadline) to avoid the excise tax penalty.,1,2,English,US,SafePrepIntuitTax,D,0,1,,,,,,,,,,,,,
10073,,"What excise tax rate applies to an excess IRA contribution that is not withdrawn by the filing deadline, and how often is it assessed?","6%, assessed each year the excess remains in the IRA","10%, assessed once","25%, assessed each year","There is no excise tax, only ordinary income tax",1,Retirement Accounts & Distributions,Excess Contributions,"A 6% excise tax applies to an uncorrected excess contribution, and it is assessed each year the excess remains in the account.",1,2,English,US,SafePrepIntuitTax,D,0,1,,,,,,,,,,,,,
10074,,"For 2024 and 2025, what is the combined Traditional + Roth IRA contribution limit for someone under age 50?","$7,000 ","$6,500 ","$7,500 ","$8,000 ",1,Retirement Accounts & Distributions,Contribution Limits,"The 2024/2025 combined IRA contribution limit is $7,000 under age 50 ($8,000 with the age-50+ catch-up).",1,1,English,US,SafePrepIntuitTax,D,0,1,,,,,,,,,,,,,
10075,,"A married couple wants to contribute to IRAs but one spouse has no earned income for the year. Under the spousal IRA rule, is this allowed?","Yes, as long as they file jointly and the working spouse's compensation covers both contributions","No, both spouses must have their own earned income",Only if the non-working spouse is over 50,Only if they file separately,1,Retirement Accounts & Distributions,Contribution Limits,The spousal IRA rule allows a non-working or low-earning spouse to contribute as long as the couple files jointly and the working spouse's compensation is sufficient to cover both contributions.,1,2,English,US,SafePrepIntuitTax,D,0,1,,,,,,,,,,,,,
10076,,"A 62-year-old retiree had wages of $4,200 before retiring, plus $28,000 in retirement plan distributions, $1,200 in dividends, and a $600 state refund. Using 2023 limits, how much can she contribute to an IRA?","$4,200 - only her wages count as compensation, even though she'd otherwise qualify for a higher catch-up limit","$7,500, the full 50+ catch-up limit","$28,000, based on her total income","$0, since she is retired",1,Retirement Accounts & Distributions,Contribution Limits,"Only wages count as compensation for IRA purposes; retirement distributions, dividends, and refunds do not. Her contribution is capped at the lesser of the limit or her actual compensation ($4,200).",0,3,English,US,SafePrepIntuitTax,D,0,1,,,,,,,,,,,,,
10077,,Is there a minimum age requirement to contribute to an IRA?,No - eligibility depends only on having earned compensation for the year,"Yes, the contributor must be at least 18","Yes, the contributor must be at least 21","Yes, the contributor must be at least 16",1,Retirement Accounts & Distributions,Contribution Limits,There is no minimum age to contribute to an IRA; a minor with earned income (such as self-employment or wage income) can contribute.,0,2,English,US,SafePrepIntuitTax,D,0,1,,,,,,,,,,,,,
10078,,"A 17-year-old earns $3,500 in self-employment profit from a lawn-mowing business and $15 in savings account interest. How much can he contribute to an IRA?","$3,500 - the interest is not compensation, and there is no minimum age to contribute","$3,515, including the interest","$0, because he is a minor","$15, since only unearned income under his own name counts",1,Retirement Accounts & Distributions,Contribution Limits,"Self-employment profit is compensation for IRA purposes; the $15 in interest is not. His contribution is capped at his $3,500 in actual compensation.",0,2,English,US,SafePrepIntuitTax,D,0,1,,,,,,,,,,,,,
10079,,Do contributions to a 401(k) count against an individual's IRA contribution limit?,No - the 401(k) has its own separate limit that does not combine with the IRA limit,"Yes, they share the same combined limit","Only if the 401(k) contribution exceeds $10,000",Only for self-employed individuals,1,Retirement Accounts & Distributions,Contribution Limits,A 401(k) has its own separate employer-plan contribution limit; it does not reduce or combine with the Traditional/Roth IRA contribution limit.,1,2,English,US,SafePrepIntuitTax,D,0,1,,,,,,,,,,,,,
10080,,"A married couple filing jointly, both covered by workplace retirement plans, has combined income of $145,000. Using the course's $136,000 full phase-out ceiling for this scenario, how much of a $2,000 Traditional IRA contribution can be deducted?","$0 - income is above the $136,000 ceiling where both spouses are covered by a workplace plan and file MFJ","The full $2,000","$1,000, a partial deduction",It depends only on the Roth contribution amount,1,Retirement Accounts & Distributions,Traditional IRA Deduction Limits,"When both spouses are covered by a workplace plan and file MFJ, no Traditional IRA deduction is allowed once income reaches the phase-out ceiling ($136,000 per the course's chart) - here, $145,000 exceeds that ceiling.",0,3,English,US,SafePrepIntuitTax,D,0,1,,,,,,,,,,,,,
10081,,What is a 'conversion' in the context of IRAs?,Transferring funds from a Traditional IRA to a Roth IRA,Moving funds between two Traditional IRAs,Moving funds between two 401(k) plans,Withdrawing IRA funds to pay off debt,1,Retirement Accounts & Distributions,Roth Conversions,"A conversion specifically refers to transferring funds from a Traditional IRA to a Roth IRA, which is taxed differently than a same-type rollover.",0,1,English,US,SafePrepIntuitTax,D,0,1,,,,,,,,,,,,,
10082,,Is there an income limit on who can convert a Traditional IRA to a Roth IRA?,"No - since 2010, anyone can convert regardless of income, though income limits still apply to direct Roth contributions","Yes, the same income limits as Roth contributions apply","Yes, only taxpayers under $100,000 MAGI can convert",Conversions are only allowed for taxpayers over age 59 1/2,1,Retirement Accounts & Distributions,Roth Conversions,"As of 2010, there is no income limit on Roth conversions, even though income limits still restrict who can make direct Roth IRA contributions.",0,2,English,US,SafePrepIntuitTax,D,0,1,,,,,,,,,,,,,
10083,IRS Form 8606,Which form must be completed whenever a taxpayer makes a nondeductible contribution to a Traditional IRA?,Form 8606,Form 8889,Form 4972,Form 2210,1,Retirement Accounts & Distributions,Roth Conversions,Form 8606 tracks nondeductible Traditional IRA contributions so they are not taxed again upon distribution or conversion.,0,2,English,US,SafePrepIntuitTax,D,0,1,,,,,,,,,,,,,
10084,,"When a Traditional IRA containing nondeductible contributions is converted to a Roth IRA, what portion is taxable?",Only the previously untaxed portion (deductible contributions plus earnings); the nondeductible contributions are not taxed again,The entire converted amount is taxable,None of the converted amount is taxable,Only the earnings portion accrued in the current year,1,Retirement Accounts & Distributions,Roth Conversions,"Nondeductible contributions were never deducted, so they are not taxed again at conversion; only the previously untaxed (deductible + earnings) portion is taxable.",0,3,English,US,SafePrepIntuitTax,D,0,1,,,,,,,,,,,,,
10085,,What two conditions must generally both be met for a Roth IRA distribution to be 'qualified' (tax-free)?,"The 5-year rule, AND one of: age 59 1/2+, disability, death/beneficiary distribution, or a qualified first-time homebuyer amount up to $10,000",Only that the account has existed for at least 1 year,Only that the owner is over age 59 1/2,Only that the funds are used for education expenses,1,Retirement Accounts & Distributions,Roth IRA Qualified Distributions,"A qualified Roth distribution requires satisfying the 5-year rule plus at least one qualifying condition: age 59 1/2+, disability, death, or a first-time homebuyer amount up to $10,000 lifetime.",1,3,English,US,SafePrepIntuitTax,D,0,1,,,,,,,,,,,,,
10086,,What happens to a non-qualified Roth IRA earnings distribution?,"It is subject to income tax and an additional 10% penalty, with some exceptions",It is always completely tax-free,It is taxed but never penalized,It is penalized but never taxed,1,Retirement Accounts & Distributions,Roth IRA Qualified Distributions,"A non-qualified distribution of Roth earnings is subject to income tax and a 10% additional tax, subject to certain exceptions.",0,2,English,US,SafePrepIntuitTax,D,0,1,,,,,,,,,,,,,
10087,,Which of these is an exception to the 10% additional tax on an early Roth/IRA distribution?,Unreimbursed medical expenses exceeding 7.5% of AGI,Paying off a credit card,A routine home improvement,Funding a vacation,1,Retirement Accounts & Distributions,10% Penalty Exceptions,"Unreimbursed medical expenses over 7.5% of AGI is one of the recognized exceptions, alongside SEPP, unemployment-related health premiums, education expenses, an IRS levy, and reservist distributions.",0,1,English,US,SafePrepIntuitTax,D,0,1,,,,,,,,,,,,,
10088,,What is required to be eligible to contribute to an HSA?,"Coverage under a High Deductible Health Plan (HDHP), no other health coverage, not enrolled in Medicare, and not a dependent",Any health insurance plan qualifies,Enrollment in Medicare and an HDHP together,Being claimed as a dependent on someone else's return,1,Health Savings Accounts,HSA Eligibility,"HSA eligibility requires HDHP coverage, no other disqualifying health coverage, no Medicare enrollment, and not being claimed as a dependent.",1,2,English,US,SafePrepIntuitTax,D,0,1,,,,,,,,,,,,,
10089,,Can a married couple share a single joint HSA?,No - each spouse must open a separate HSA,"Yes, joint HSAs are allowed and common",Only if both spouses are on the same HDHP,Only if they file jointly,1,Health Savings Accounts,HSA Rules,HSAs cannot be jointly owned - each spouse must open their own separate account.,1,2,English,US,SafePrepIntuitTax,D,0,1,,,,,,,,,,,,,
10090,,What is the HSA catch-up contribution amount for individuals age 55 or older?,"$1,000 ","$3,000 ",$500 ,"$7,000 ",1,Health Savings Accounts,HSA Contributions,"Eligible individuals age 55+ by year-end can make an additional $1,000 catch-up HSA contribution.",0,1,English,US,SafePrepIntuitTax,D,0,1,,,,,,,,,,,,,
10091,,"For a self-employed individual's HSA, which form of contribution is NOT allowed?",Contributions of stock or property,Cash contributions from the individual,Cash contributions from a family member,Cash contributions from any other person,1,Health Savings Accounts,HSA Contributions,HSA contributions must be in cash; contributions of stock or property are not allowed.,0,2,English,US,SafePrepIntuitTax,D,0,1,,,,,,,,,,,,,
10092,,Which of the following accounts is reported on Form 1099-SA?,Health Savings Account (HSA),Traditional IRA,401(k),Roth IRA,1,Health Savings Accounts,Form 1099-SA,"Form 1099-SA reports distributions from HSAs, Archer MSAs, and Medicare Advantage MSAs. IRA distributions are reported on Form 1099-R instead.",1,2,English,US,SafePrepIntuitTax,D,0,1,,,,,,,,,,,,,
10093,,What does the Gross Distribution field (Box 1) on Form 1099-SA represent?,The total amount distributed from the HSA during the year,The total contributions made to the account,The account's year-end balance,Overall gross income for the year,1,Health Savings Accounts,Form 1099-SA,"Box 1 (Gross Distribution) shows the total amount distributed from the HSA during the year, not contributions or gross income.",0,1,English,US,SafePrepIntuitTax,D,0,1,,,,,,,,,,,,,
10094,,"When an HSA account holder dies and the funds do not pass to a surviving spouse, what does Box 4 of Form 1099-SA report?",The fair market value (FMV) of the HSA on the date the account holder died,The FMV on the last day of the tax year,The FMV on the date the account was opened,The total lifetime contributions,1,Health Savings Accounts,Form 1099-SA,Box 4 captures the FMV of the account as of the date of death (only completed when funds don't pass to a surviving spouse) - not the last day of the tax year.,1,3,English,US,SafePrepIntuitTax,D,0,1,,,,,,,,,,,,,
10095,,An account holder withdraws an excess HSA contribution plus its earnings before the filing deadline. How should the earnings be treated?,Included as taxable income on the return for the year withdrawn,Omitted from income entirely,Treated as a nontaxable return of basis,"Reported only if over $1,000",1,Health Savings Accounts,Excess Contributions,"When excess contributions are withdrawn before the deadline, the excess itself isn't taxed again, but any earnings that accrued are taxable income in the year withdrawn.",0,2,English,US,SafePrepIntuitTax,D,0,1,,,,,,,,,,,,,
10096,,Which of the following is NOT a qualified medical expense for HSA purposes?,Dental floss,Chiropractic care,Laboratory fees,Insulin,1,Health Savings Accounts,Qualified Medical Expenses,"Dental floss (like aromatherapy, cosmetics, and general personal-care items) is not a qualified medical expense, while laboratory fees, chiropractic care, and insulin all qualify.",1,1,English,US,SafePrepIntuitTax,D,0,1,,,,,,,,,,,,,
10097,IRS Form 8889,"Which form must be filed with Form 1040 for HSA distributions, even if the distribution is not taxable?",Form 8889,Form 8606,Form 2210,Form 4972,1,Health Savings Accounts,Required Forms,Form 8889 (Health Savings Accounts) must be filed with Form 1040/1040-SR for HSA distributions regardless of taxability; Form 8853 covers Archer MSAs.,0,2,English,US,SafePrepIntuitTax,D,0,1,,,,,,,,,,,,,
10098,,What is the first question in determining a taxpayer's filing status?,Was the taxpayer married on the last day of the year?,Does the taxpayer have any dependents?,What is the taxpayer's total income?,Did the taxpayer itemize last year?,1,Filing Basics & Dependents,Determining Filing Status,The filing status decision tree begins by asking whether the taxpayer was married as of December 31 of the tax year.,1,1,English,US,SafePrepIntuitTax,D,0,1,,,,,,,,,,,,,
10099,,How many filing statuses does the IRS recognize?,"Six: Single, MFJ, MFS, Head of Household, Qualifying Surviving Spouse, and Dependent",Four,Three,"Five, since Dependent is not a real filing status",1,Filing Basics & Dependents,Filing Status Options,"The six filing statuses are Single, Married Filing Jointly, Married Filing Separately, Head of Household, Qualifying Surviving Spouse, and the less common Dependent status.",0,1,English,US,SafePrepIntuitTax,D,0,1,,,,,,,,,,,,,
10100,,A married couple lived apart for the last 6 months of the year. What must be true for one spouse to qualify as Head of Household?,"They must pay more than half the household costs, be considered unmarried on Dec 31, and have a qualifying child dependent",Simply living apart for 6 months automatically qualifies them,They must have been divorced by year end,Both spouses must agree to file separately,1,Filing Basics & Dependents,Head of Household,"All three Head of Household criteria (paying more than half the household costs, being 'considered unmarried,' and having a qualifying child dependent) must be met.",1,2,English,US,SafePrepIntuitTax,D,0,1,,,,,,,,,,,,,
10101,,"To be 'considered unmarried' for Head of Household purposes, a taxpayer must NOT have done which of the following?",Lived with their spouse during the last 6 months of the year,Filed a separate tax return,Paid more than half the cost of the home,Claimed a qualifying child as a dependent,1,Filing Basics & Dependents,Head of Household - 'Considered Unmarried',"Being 'considered unmarried' requires NOT living with the spouse during the last 6 months of the year, along with filing separately, paying over half the home costs, and having a qualifying child.",0,2,English,US,SafePrepIntuitTax,D,0,1,,,,,,,,,,,,,
10102,,How many criteria must ALL be met for a taxpayer to qualify for Qualifying Surviving Spouse status?,"All 5: joint-return eligibility in the year of death, spouse died within the prior 2 years, has a qualifying dependent, has not remarried, and paid over half the household costs",Only 2 of the 5 criteria,Only that the spouse died within the tax year itself,Only that they have a qualifying child,1,Filing Basics & Dependents,Qualifying Surviving Spouse,"All five Qualifying Surviving Spouse criteria must be met - if any answer is No, the taxpayer does not qualify for this status.",0,3,English,US,SafePrepIntuitTax,D,0,1,,,,,,,,,,,,,
10103,,"If one spouse chooses to file Married Filing Separately, what must the other spouse do?",The other spouse must also file separately,The other spouse may still file jointly,The other spouse must file as Single,The other spouse must file as Head of Household,1,Filing Basics & Dependents,Married Filing Separately,"If one spouse files MFS, both spouses must file separately - they cannot mix MFS and MFJ.",0,1,English,US,SafePrepIntuitTax,D,0,1,,,,,,,,,,,,,
10104,,Which of these situations qualifies a taxpayer to file as Single?,Never having been married,Being married but living apart from a spouse,Having a qualifying child and paying over half the household costs while unmarried,Being widowed with a qualifying child (which points to Qualifying Surviving Spouse instead),1,Filing Basics & Dependents,Single Status Criteria,"Never having been married is one of the qualifying conditions for Single status (along with being divorced, legally separated, or widowed without a qualifying child before Jan 1 of the tax year, or not qualifying for another status).",0,2,English,US,SafePrepIntuitTax,D,0,1,,,,,,,,,,,,,
10105,,"To be considered legally separated for federal tax purposes, what must a taxpayer have by December 31 of the tax year?",A final decree of legal separation or separate maintenance,A signed but not yet finalized separation agreement,Simply living in a different residence,Verbal agreement with the spouse to separate,1,Filing Basics & Dependents,Legal Separation & Community Property,A final decree of legal separation or separate maintenance by December 31 allows filing as Single or Head of Household (if other requirements are met).,0,2,English,US,SafePrepIntuitTax,D,0,1,,,,,,,,,,,,,
10106,,"If spouses lived apart for only PART of the tax year in a community property state, how is income earned while they lived together treated?",It is community income and must be split equally between the spouses,It belongs entirely to whoever earned it,It can be disregarded entirely,It is automatically assigned to the higher earner,1,Filing Basics & Dependents,Legal Separation & Community Property,"When spouses live apart for only part of the year, community property law generally still applies to income earned while they lived together, requiring an equal split.",0,3,English,US,SafePrepIntuitTax,D,0,1,,,,,,,,,,,,,
10107,,"Generally, is Married Filing Jointly or Married Filing Separately more beneficial for a married couple?","Filing jointly is generally more beneficial, and some credits are disallowed for MFS filers",Filing separately is always more beneficial,Both produce identical results in all cases,It depends only on which spouse earns more,1,Filing Basics & Dependents,Married Couples Filing Choice,"Filing jointly is generally more beneficial to taxpayers, and certain credits are potentially disallowed for couples who file Married Filing Separately.",0,1,English,US,SafePrepIntuitTax,D,0,1,,,,,,,,,,,,,
10108,,A green card holder who also passes the Substantial Presence Test would be classified as which type of taxpayer?,Resident alien,Nonresident alien,Dual-status alien,Exempt individual,1,Residency & Multi-State Filing,Alien Tax Residency Categories,"A lawful permanent resident (green card holder) qualifies as a resident alien on that basis alone, independent of also passing the Substantial Presence Test.",0,1,English,US,SafePrepIntuitTax,D,0,1,,,,,,,,,,,,,
10109,,"A non-U.S. citizen moves back to their home country partway through the year, being a resident alien for part of the year and a nonresident alien for the rest. What is their status?",Dual-status alien,Resident alien for the full year,Nonresident alien for the full year,Exempt individual,1,Residency & Multi-State Filing,Alien Tax Residency Categories,A dual-status alien is a resident alien for part of the year and a nonresident alien for the other part.,0,2,English,US,SafePrepIntuitTax,D,0,1,,,,,,,,,,,,,
10110,,"A U.S. citizen lives and works full-time in France, earning $85,000. Must she file a U.S. tax return?",Yes - U.S. citizens are taxed on worldwide income regardless of where they live or work,No - living abroad exempts her from U.S. filing,"Only if she earns over $200,000",Only if France has no tax treaty with the U.S.,1,Residency & Multi-State Filing,U.S. Citizens Abroad,U.S. citizens are taxed on worldwide income regardless of residence; living abroad does not exempt a citizen from U.S. filing obligations.,1,2,English,US,SafePrepIntuitTax,D,0,1,,,,,,,,,,,,,
10111,,"Even when not required to file, why might a taxpayer still want to file a return?",To get a refund of any federal income tax that was withheld,It is illegal not to file voluntarily,To avoid an automatic penalty,Only to claim dependents,1,Filing Basics & Dependents,Filing Requirements,A taxpayer below the filing threshold may still want to file to recover withheld federal income tax as a refund.,0,1,English,US,SafePrepIntuitTax,D,0,1,,,,,,,,,,,,,
10112,,What is the general rule for someone to be claimed as a dependent?,"The taxpayer provided at least half of the person's total support for the year, and the person is a qualifying child or qualifying relative",The person must live with the taxpayer year-round,The person must have no income of their own,The person must be under age 18,1,Filing Basics & Dependents,Dependent Definition,"A dependent is a qualifying child or qualifying relative, generally requiring that the taxpayer provided at least half of that person's total support.",1,1,English,US,SafePrepIntuitTax,D,0,1,,,,,,,,,,,,,
10113,,"Under the qualifying child age test, a child can be claimed at any age if they are:","Permanently and totally disabled, per a doctor",Enrolled in any college course,Living independently,Employed full-time,1,Filing Basics & Dependents,Qualifying Child Tests,The age test allows any age if the child is permanently and totally disabled; otherwise the limit is 19 (or 24 if a full-time student for at least 5 months).,0,2,English,US,SafePrepIntuitTax,D,0,1,,,,,,,,,,,,,
10114,,"Under the qualifying child support test, what disqualifies a child from being claimed?",The child provides more than half of their own financial support,The child lived with the taxpayer for less than a full year,The child has any income at all,The child is over age 16,1,Filing Basics & Dependents,Qualifying Child Tests,The support test requires that the child NOT provide more than half of their own financial support.,0,2,English,US,SafePrepIntuitTax,D,0,1,,,,,,,,,,,,,
10115,,What are the three tests a qualifying relative must meet?,"Relationship (or residency), support, and gross income","Age, residency, and relationship only",Only a gross income test,Only a support test,1,Filing Basics & Dependents,Qualifying Relative Tests,"A qualifying relative must meet a relationship test (broader than the qualifying child version, including anyone who lived with the taxpayer), a support test, and a gross income test.",0,2,English,US,SafePrepIntuitTax,D,0,1,,,,,,,,,,,,,
10116,,"If a taxpayer can themselves be claimed as a dependent on someone else's return, what happens to their ability to claim their own dependents?","They cannot claim any dependents of their own, regardless of who those people are",They can still claim minor children only,They can still claim a spouse as a dependent,There is no restriction,1,Filing Basics & Dependents,Can the Taxpayer Be Claimed,"A taxpayer (or spouse, if filing jointly) who can be claimed as a dependent on someone else's return cannot claim any dependents of their own.",0,2,English,US,SafePrepIntuitTax,D,0,1,,,,,,,,,,,,,
10117,,"What happens if a qualifying child does not have an SSN, ITIN, or ATIN issued by the return's due date (including extensions)?","The Child Tax Credit and Credit for Other Dependents cannot be claimed for that child, though they may still be claimable as a plain dependent",The child cannot be claimed as a dependent at all,The taxpayer must file an extension automatically,There is no effect on any credit,1,Filing Basics & Dependents,Credit Eligibility (SSN/ITIN),"Without a timely-issued SSN, ITIN, or ATIN, the child cannot generate the Child Tax Credit or Credit for Other Dependents, though they may still count as a dependent for other purposes.",0,3,English,US,SafePrepIntuitTax,D,0,1,,,,,,,,,,,,,
10118,,"If a student has scholarship money left over after covering all qualified education expenses, how is the leftover amount treated?",It must be included in the student's gross taxable income,It is always tax-free regardless of use,It reduces the parent's taxable income,It must be returned to the scholarship provider,1,Income,Taxable Scholarship Income,"Scholarship funds not used for qualified education expenses (tuition, required fees, books, supplies) become taxable income.",1,2,English,US,SafePrepIntuitTax,D,0,1,,,,,,,,,,,,,
10119,,Which use of scholarship money makes it taxable?,Room and board,Required tuition,Mandatory enrollment fees,Required course books,1,Income,Taxable Scholarship Income,"Room, board, utilities, and non-required items are non-qualified uses that make the scholarship amount taxable; tuition, required fees, and required books are qualified uses.",0,1,English,US,SafePrepIntuitTax,D,0,1,,,,,,,,,,,,,
10120,,"On Form 1098-T, if Box 5 (scholarships) exceeds Box 1 (qualified tuition/expenses), who reports the excess as taxable income?","The student, on the student's own return","The parent, on the parent's return",Neither - it is never taxable,The educational institution,1,Income,Form 1098-T,"While parents usually report the 1098-T information, an excess of scholarship income over qualified expenses is taxable to the student and reported on the student's own return.",0,2,English,US,SafePrepIntuitTax,D,0,1,,,,,,,,,,,,,
10121,,"A sole proprietor receives an advance payment for a future project. Under cash-basis accounting (the most common method for individuals), when is this income reported?",When the payment is received,When the project is completed,When materials are purchased,When the invoice is sent,1,Adjustments to Income,Cash-Basis Accounting,"Cash-basis accounting reports income when received, not when earned, invoiced, or when related costs are incurred.",1,2,English,US,SafePrepIntuitTax,D,0,1,,,,,,,,,,,,,
10122,,A taxpayer rents out equipment as a side activity. Is this income taxable?,"Yes, always - though the reporting form depends on whether it rises to the level of a business","No, side rental income under a certain amount is exempt","Only if rented to a business, not an individual","Only if it exceeds $5,000",1,Adjustments to Income,Rental Income Taxability,All rental income is taxable regardless of amount; the only variable is whether it's reported on Schedule E (passive) or Schedule C (a business).,0,2,English,US,SafePrepIntuitTax,D,0,1,,,,,,,,,,,,,
10123,IRC §61(a),What does the 'all-inclusive' concept of gross income under IRC Section 61(a) mean?,All income received (earned or unearned) is included in gross income unless the tax law specifically excludes it,Only wages and salary count as gross income,Only cash payments count as gross income,Only income reported on a 1099 counts as gross income,1,Income,Section 61 - All-Inclusive Concept,"Section 61(a) establishes that all income is included in gross income unless specifically excluded by law - not just wages, job income, or cash.",1,2,English,US,SafePrepIntuitTax,D,0,1,,,,,,,,,,,,,
10124,IRC §61(a),Which of the following is one of the categories of gross income listed under IRC Section 61?,Interest,Child support received,Life insurance death proceeds,Municipal bond interest,1,Income,Section 61 Categories,"Interest is one of the 14 enumerated categories under Section 61. Child support, life insurance proceeds, and municipal bond interest are specifically excluded from gross income.",0,2,English,US,SafePrepIntuitTax,D,0,1,,,,,,,,,,,,,
10125,,A member of the clergy receives a designated housing allowance reported on her W-2. How is it treated?,"Excluded from gross income for income tax purposes, but subject to Social Security and Medicare taxes",Fully excluded from all taxes including SS/Medicare,Fully taxable like ordinary wages,Excluded only if she itemizes deductions,1,Income,Special Employee Rules,A clergy housing allowance is excluded from income tax but remains subject to Social Security and Medicare (self-employment) tax.,0,3,English,US,SafePrepIntuitTax,D,0,1,,,,,,,,,,,,,
10126,,An enlisted Armed Forces member receives combat pay for part of their duties. How is this pay treated?,Exempt from federal income tax,Fully tax-free including exemption from Social Security and Medicare,Fully taxable like regular wages,Tax-free only after 180 days of service,1,Income,Special Employee Rules,"Combat pay for enlisted members is exempt from federal income tax (though it remains subject to Social Security/Medicare, and there is no 180-day requirement for this exemption).",0,2,English,US,SafePrepIntuitTax,D,0,1,,,,,,,,,,,,,
10127,,A business partner directs 30% of a taxpayer's earned income to be paid directly to the taxpayer's spouse. Must the taxpayer still report that 30% as income?,Yes - income is taxable to the person who earned it regardless of who actually receives it,"No, since she never physically received the funds","No, since it was paid to a family member","No, if it is treated as a gift",1,Income,Assignment of Income Doctrine,"Under the assignment-of-income doctrine, income is taxable to whoever earned it, regardless of who actually receives the payment.",0,3,English,US,SafePrepIntuitTax,D,0,1,,,,,,,,,,,,,
10128,,A business owner receives a non-cash holiday bonus (merchandise) from a supplier as a thank-you for business. How should this be treated?,"As taxable business income, since it was received in connection with business activities",As a tax-free gift,As taxable only if it exceeds $600,As nontaxable since no cash changed hands,1,Income,Non-Cash Taxable Income,"A non-cash bonus received in connection with business dealings is taxable business income, not a tax-free personal gift.",0,2,English,US,SafePrepIntuitTax,D,0,1,,,,,,,,,,,,,
10129,,Which of the following is generally excluded from gross income?,Municipal bond interest,Wages,Ordinary dividends,Business income,1,Income,Non-Taxable Income Exclusions,"Municipal bond interest, along with life insurance proceeds, child support, and welfare payments, is excluded from gross income.",1,1,English,US,SafePrepIntuitTax,D,0,1,,,,,,,,,,,,,
10130,,A taxpayer receives a $25 non-cash gift from a bank for opening a new account. Must this be reported?,Yes - it should be reported as taxable interest income,"No, gifts under $50 are exempt","No, non-cash items are never taxable","Only if the account balance exceeds $10,000",1,Income,Interest & Dividends,"A non-cash bank incentive for opening an account is treated as taxable interest income, regardless of its small size.",0,2,English,US,SafePrepIntuitTax,D,0,1,,,,,,,,,,,,,
10131,,"A couple has $4,500 in total interest income spread across five accounts, each individually under $1,500. Must they file Schedule B?","Yes - Schedule B is required because the combined total exceeds $1,500, even though no single account does","No, since each individual account is under $1,500","Only if a single payer issues over $1,500","No, Schedule B is optional",1,Income,Schedule B Threshold,"Schedule B is required when total combined interest or dividends exceed $1,500, regardless of how it's split across individual accounts or payers.",1,2,English,US,SafePrepIntuitTax,D,0,1,,,,,,,,,,,,,
10132,,What determines whether a dividend is classified as 'ordinary' vs 'qualified' on Form 1099-DIV?,"The length of time the dividend-paying stock has been held, among other requirements",Whether the dividend was paid in cash or stock,The size of the dividend payment,Whether the company is publicly or privately held,1,Income,Dividends,Qualified dividend treatment depends on a required holding period (more than 60 days within a 121-day window) and the paying corporation being a qualifying U.S. or listed foreign corporation.,0,2,English,US,SafePrepIntuitTax,D,0,1,,,,,,,,,,,,,
10133,,What are Section 199A dividends?,"A subset of ordinary dividends from domestic REITs/REIT mutual funds, eligible for the QBI deduction",Dividends from foreign corporations only,A type of tax-exempt municipal bond interest,Dividends automatically classified as qualified,1,Income,Dividends,Section 199A dividends come from domestic REITs (or mutual funds investing in them) and are eligible for the Qualified Business Income deduction.,0,3,English,US,SafePrepIntuitTax,D,0,1,,,,,,,,,,,,,
10134,,"How are capital gain distributions from a mutual fund or REIT treated, regardless of how long the taxpayer held the shares?",Always treated as long-term capital gains,Always treated as short-term capital gains,Treated as ordinary dividend income,Treated as tax-exempt income,1,Income,Capital Gain Distributions,"Capital gain distributions are always treated as long-term capital gains, regardless of the shareholder's own holding period, and are reported on Schedule D.",0,2,English,US,SafePrepIntuitTax,D,0,1,,,,,,,,,,,,,
10135,,"A Form 1099-DIV shows a non-dividend distribution. What is this, and is it currently taxable?",A return of the taxpayer's cost basis in the stock; it is not currently taxable but reduces basis for a future sale,A special type of dividend taxed at a higher rate,Fully taxable ordinary income,A distribution that must be reported on Schedule B immediately,1,Income,Non-Dividend Distributions,"A non-dividend distribution represents a return of the shareholder's basis and is not currently taxable, but it reduces basis and must be tracked for calculating gain/loss when the stock is eventually sold.",0,3,English,US,SafePrepIntuitTax,D,0,1,,,,,,,,,,,,,
10136,,Under what condition would a bank charge an early withdrawal penalty on a deposit account?,Withdrawing before the maturity date of a time deposit (such as a CD),Withdrawing any amount from an ordinary savings account,"Accumulating over $1,500 in interest",Withdrawing more than once per month,1,Income,Early Withdrawal Penalties,"Early withdrawal penalties apply specifically to time deposits like CDs when funds are withdrawn before maturity, not to ordinary savings withdrawals.",0,2,English,US,SafePrepIntuitTax,D,0,1,,,,,,,,,,,,,
10137,,How is an early withdrawal penalty on a CD treated for tax purposes?,It can be claimed as an adjustment to income on Schedule 1,"It is simply subtracted from the interest reported, with no separate reporting",It cannot be deducted at all,It is treated as a capital loss,1,Income,Early Withdrawal Penalties,"Early withdrawal penalties are one of the recognized above-the-line adjustments to income, reported on Schedule 1.",0,2,English,US,SafePrepIntuitTax,D,0,1,,,,,,,,,,,,,
10138,,Is a taxpayer required to report interest income even if no Form 1099-INT was issued?,Yes - income must be reported whether or not a 1099 was issued,No - unreported income without a 1099 is not taxable,Only if the amount exceeds $600,Only for foreign-sourced interest,1,Income,Reportable Income,All reportable income must be included on the return regardless of whether a Form 1099 was issued (a 1099-INT is generally required only once interest exceeds $10).,0,2,English,US,SafePrepIntuitTax,D,0,1,,,,,,,,,,,,,
10139,,What is the correct three-step order for calculating AGI?,Gather total income; determine total adjustments; subtract adjustments from total income,Determine adjustments; gather total income; add adjustments to total income,Subtract deductions; gather total income; apply tax rate,Apply credits; gather income; subtract standard deduction,1,Adjustments to Income,AGI Basics,"AGI is calculated by first gathering total income, then determining allowable adjustments, then subtracting those adjustments from total income.",1,1,English,US,SafePrepIntuitTax,D,0,1,,,,,,,,,,,,,
10140,,Which term refers to the total amount of money a taxpayer earned from all sources before any deductions?,Gross income,Adjusted gross income,Taxable income,Net income,1,Adjustments to Income,Gross Income vs AGI vs Taxable Income,Gross income is the total earned from all sources before any adjustments or deductions are applied.,1,1,English,US,SafePrepIntuitTax,D,0,1,,,,,,,,,,,,,
10141,,Which of the following is NOT included in gross income?,Tax deductions,Dividends,Capital gains,Wages,1,Adjustments to Income,Gross Income vs AGI vs Taxable Income,Tax deductions are subtracted FROM gross income to determine taxable income - they are not themselves a component of gross income.,0,1,English,US,SafePrepIntuitTax,D,0,1,,,,,,,,,,,,,
10142,,Which of the following qualifies as an adjustment to income reported on Schedule 1 of Form 1040?,Educator expenses,Mortgage interest,Charitable donations,Medical expenses,1,Adjustments to Income,Adjustments to Income Examples,"Educator expenses are an above-the-line adjustment on Schedule 1; mortgage interest, charitable donations, and medical expenses are itemized (below-the-line) deductions on Schedule A.",1,2,English,US,SafePrepIntuitTax,D,0,1,,,,,,,,,,,,,
10143,,Are self-employed business expenses reported on Schedule C an Above-the-Line adjustment or a Below-the-Line deduction?,Above-the-Line,Below-the-Line,Neither - they are a tax credit,"Both, depending on income level",1,Adjustments to Income,Classification,"Self-employed business expenses reduce gross income before AGI is calculated (Schedule C), making them Above-the-Line.",1,2,English,US,SafePrepIntuitTax,D,0,1,,,,,,,,,,,,,
10144,,Are charitable donations an Above-the-Line adjustment or a Below-the-Line deduction?,Below-the-Line,Above-the-Line,Neither,It depends on the amount donated,1,Adjustments to Income,Classification,"Charitable donations are only deductible as an itemized (Below-the-Line) deduction on Schedule A, never as an adjustment to gross income.",1,1,English,US,SafePrepIntuitTax,D,0,1,,,,,,,,,,,,,
10145,,"For a divorce agreement executed on or before December 31, 2018 (and not modified since), is alimony paid an Above-the-Line adjustment or a Below-the-Line deduction?",Above-the-Line,Below-the-Line,"It is a tax credit, not a deduction",It is not deductible at all,1,Adjustments to Income,Classification,Pre-2019 alimony agreements allow the payer an above-the-line deduction (and the recipient must report it as income); agreements after 2018 have no deduction or inclusion at all.,0,2,English,US,SafePrepIntuitTax,D,0,1,,,,,,,,,,,,,
10146,,Is the Educator Expense deduction (up to $300 for K-12 classroom supplies) an Above-the-Line or Below-the-Line item?,Above-the-Line - claimed on Schedule 1 even without itemizing,Below-the-Line - only available if itemizing,It is a nonrefundable tax credit,It is only available to homeschool teachers,1,Adjustments to Income,Classification,"The Educator Expense deduction is an above-the-line adjustment on Schedule 1, available even to taxpayers who take the standard deduction.",0,1,English,US,SafePrepIntuitTax,D,0,1,,,,,,,,,,,,,
10147,,Is the self-employed health insurance premium deduction Above-the-Line or Below-the-Line?,"Above-the-Line, and not subject to the 7.5%-of-AGI itemized medical threshold","Below-the-Line, and subject to the 7.5%-of-AGI threshold",Only available if the taxpayer itemizes,It is a refundable credit,1,Adjustments to Income,Classification,"Self-employed health insurance premiums are deducted directly on Schedule 1 (above-the-line), unlike general medical expenses which face the 7.5%-of-AGI floor as an itemized deduction.",0,2,English,US,SafePrepIntuitTax,D,0,1,,,,,,,,,,,,,
10148,,Are general (non-self-employed) medical expenses Above-the-Line or Below-the-Line?,"Below-the-Line - itemized on Schedule A, only the portion exceeding 7.5% of AGI is deductible",Above-the-Line - fully deductible on Schedule 1,Not deductible under any circumstances,Deductible as a tax credit instead,1,Adjustments to Income,Classification,"General medical expenses are an itemized (below-the-line) deduction on Schedule A, and only the amount exceeding 7.5% of AGI is deductible.",1,1,English,US,SafePrepIntuitTax,D,0,1,,,,,,,,,,,,,
10149,,"Is the student loan interest deduction (up to $2,500/year) Above-the-Line or Below-the-Line?",Above-the-Line - claimed on Schedule 1 without itemizing,Below-the-Line - requires itemizing on Schedule A,It is a refundable tax credit,It has no dollar limit,1,Adjustments to Income,Classification,"The student loan interest deduction is above-the-line, claimed on Schedule 1 and subject to a MAGI phase-out, available without itemizing.",1,2,English,US,SafePrepIntuitTax,D,0,1,,,,,,,,,,,,,
10150,,Is the Qualified Business Income (QBI) deduction Above-the-Line or Below-the-Line?,"Below-the-Line - taken after AGI is calculated, even though it doesn't require itemizing",Above-the-Line - reduces gross income before AGI,"It is a refundable credit, not a deduction",It only applies to Below-the-Line itemizers,1,Adjustments to Income,Classification,"Although the QBI deduction doesn't require itemizing, it's taken AFTER AGI is calculated (same stage as the standard/itemized deduction), making it a Below-the-Line item.",0,3,English,US,SafePrepIntuitTax,D,0,1,,,,,,,,,,,,,
10151,,How do Above-the-Line adjustments affect a taxpayer's taxes?,They reduce the amount of income subject to taxation before AGI is calculated,They reduce tax liability dollar-for-dollar like a credit,"They only reduce state tax, not federal",They have no effect unless the taxpayer itemizes,1,Adjustments to Income,Impact on Taxes,The defining feature of an above-the-line adjustment is that it reduces income subject to tax before AGI (the 'line') is calculated.,0,2,English,US,SafePrepIntuitTax,D,0,1,,,,,,,,,,,,,
10152,,What is the key difference between AGI and Modified AGI (MAGI)?,"MAGI takes AGI and adds back certain items for specific eligibility tests, while AGI itself never adds anything back",MAGI is always lower than AGI,MAGI and AGI are the same figure under a different name,MAGI is calculated only for self-employed taxpayers,1,Adjustments to Income,MAGI Concept,"MAGI starts with AGI and adds back specific items (like the foreign earned income exclusion or student loan interest deduction) for determining eligibility for certain credits, deductions, or phase-outs.",1,2,English,US,SafePrepIntuitTax,D,0,1,,,,,,,,,,,,,
10153,,Which of the following might be added back to AGI to calculate Modified AGI for IRA contribution purposes?,Foreign earned income exclusion,Charitable contributions,Mortgage interest,Medical expenses,1,Adjustments to Income,MAGI Add-Backs,"Only items subtracted before or as part of AGI (like the foreign earned income exclusion) get added back for MAGI. Itemized deductions like mortgage interest and charitable contributions were never part of AGI, so they can't be 'added back.'",1,2,English,US,SafePrepIntuitTax,D,0,1,,,,,,,,,,,,,
10154,,"Once AGI is calculated, which three types of Below-the-Line items can be claimed?","Standard deduction, itemized deductions, and the QBI deduction",Only the standard deduction,Only tax credits,Only above-the-line adjustments,1,Adjustments to Income,Below-the-Line Overview,"After AGI, a taxpayer can claim the standard deduction (or itemized deductions) plus the Qualified Business Income deduction.",0,2,English,US,SafePrepIntuitTax,D,0,1,,,,,,,,,,,,,
10155,,Up to what percentage of AGI are cash donations to a qualified public charity generally deductible?,60%,30%,20%,100%,1,Adjustments to Income,Charitable Contribution Limits,Cash donations to qualified public charities are deductible up to 60% of AGI; appreciated property or gifts to certain organizations face lower limits (typically 30% or 20%).,0,2,English,US,SafePrepIntuitTax,D,0,1,,,,,,,,,,,,,
10156,,"A couple contributed to a traditional IRA, has unreimbursed medical/dental expenses, and has student loan interest. Which of these are adjustments to income (not itemized deductions)?",Traditional IRA contributions and student loan interest,Only unreimbursed medical and dental expenses,All three items,None of the three items,1,Deductions,Adjustments vs Itemized (Travis & Nelly),IRA contributions and student loan interest are above-the-line adjustments to income; unreimbursed medical and dental expenses are a below-the-line itemized deduction instead.,0,2,English,US,SafePrepIntuitTax,D,0,1,,,,,,,,,,,,,
10157,,Above-the-line adjustments to income are documented on which part of the tax return?,"Part 2 of Form 1040, Schedule 1",Page 1 of Schedule A,Schedule 2,Directly on Form 1040 with no schedule,1,Deductions,Adjustments vs Itemized,"Above-the-line adjustments are reported in Part 2 of Schedule 1, which then flows into Form 1040.",0,2,English,US,SafePrepIntuitTax,D,0,1,,,,,,,,,,,,,
10158,,What is the general rule for deducting unreimbursed medical and dental expenses as an itemized deduction?,Only the portion exceeding 7.5% of AGI can be deducted,The entire amount can always be deducted,None of it is ever deductible,"Only amounts over $10,000 can be deducted",1,Deductions,Medical Expense Deduction,"Itemized medical expense deductions are limited to the amount exceeding 7.5% of AGI, reported on Schedule A lines 1-4.",1,1,English,US,SafePrepIntuitTax,D,0,1,,,,,,,,,,,,,
10159,,On which schedule are charitable contributions reported?,Schedule A,Schedule 1,Schedule B,Directly on Form 1040 with no schedule,1,Deductions,Charitable Contribution Reporting,"Charitable contributions are an itemized deduction reported on Schedule A, not an adjustment to income on Schedule 1.",1,1,English,US,SafePrepIntuitTax,D,0,1,,,,,,,,,,,,,
10160,,Are rent payments deductible?,"Sometimes - rent for a personal residence is not deductible, but business-related rent generally is",Always fully deductible,Never deductible under any circumstance,Only if paid to a family member,1,Deductions,Deductible vs Non-Deductible Expenses,"Personal residence rent is not deductible, but rent tied to business use (home office, business office, rental property expenses) is deductible.",0,2,English,US,SafePrepIntuitTax,D,0,1,,,,,,,,,,,,,
10161,,Is mortgage insurance (PMI) always deductible?,"Sometimes - it phases out at higher AGI, and Congress has repeatedly let the provision expire and then renewed it",Always fully deductible regardless of income,Never deductible,Only deductible for rental properties,1,Deductions,Deductible vs Non-Deductible Expenses,PMI deductibility depends on both AGI level and whether Congress has renewed the provision for that particular tax year.,0,2,English,US,SafePrepIntuitTax,D,0,1,,,,,,,,,,,,,
10162,,Which of the following taxes can be deducted on Schedule A as part of the state and local tax (SALT) deduction?,State and local income taxes,Federal estate and gift taxes,Medicare taxes,Federal income tax withheld,1,Deductions,Taxes Paid (SALT),"State and local income taxes (or general sales taxes, not both) are part of the itemizable SALT deduction. Federal estate/gift taxes and payroll taxes are not.",1,1,English,US,SafePrepIntuitTax,D,0,1,,,,,,,,,,,,,
10163,,What is the current aggregate cap on the SALT (state and local tax) itemized deduction?,"$40,000 ($5,000 if Married Filing Separately)","$10,000 for all filers",There is no cap,"$25,000 regardless of filing status",1,Deductions,SALT Cap,"The SALT deduction cap was increased to $40,000 ($5,000 MFS) from the prior $10,000 limit, with a reduced benefit for taxpayers with MAGI above $500,000 ($250,000 MFS).",1,2,English,US,SafePrepIntuitTax,D,0,1,,,,,,,,,,,,,
10164,,"A taxpayer donated to a social club, a GoFundMe campaign, the Red Cross, and a local church. Which donations are deductible as charitable gifts?",Only the Red Cross and local church donations,All four donations,Only the GoFundMe donation,Only the social club donation,1,Deductions,Charitable Contributions - Qualified Organizations,"The Red Cross and a church are qualified 501(c)(3) organizations. Social clubs are typically 501(c)(7) (not qualified), and personal crowdfunding like GoFundMe is not a qualified charity.",1,2,English,US,SafePrepIntuitTax,D,0,1,,,,,,,,,,,,,
10165,,A taxpayer pays a $50 entry fee to a charity race and receives a t-shirt worth $5. How much can she deduct?,$45 ,$50 ,$0 ,$5 ,1,Deductions,Quid Pro Quo Contributions,This is a quid pro quo contribution: only the amount exceeding the fair market value of what was received in return is deductible ($50 - $5 = $45).,1,2,English,US,SafePrepIntuitTax,D,0,1,,,,,,,,,,,,,
10166,,Where on Schedule A are medical expenses reported?,"Line 1, in the Medical and Dental Expenses section","Line 11, in the Gifts to Charity section","Line 5, in the Taxes You Paid section","Line 8, in the Interest You Paid section",1,Deductions,Schedule A Line Placement,"Line 1 is where the total unreimbursed medical/dental expense amount is entered, before the 7.5%-of-AGI floor calculation is applied.",0,1,English,US,SafePrepIntuitTax,D,0,1,,,,,,,,,,,,,
10167,,Where on Schedule A are cash/check charitable contributions reported?,"Line 11, Gifts by cash or check","Line 1, Medical expenses","Line 12, Other than cash or check","Line 5, Taxes paid",1,Deductions,Schedule A Line Placement,Line 11 covers cash/check charitable gifts; non-cash gifts over $500 go on line 12 and require Form 8283 if over $500.,0,2,English,US,SafePrepIntuitTax,D,0,1,,,,,,,,,,,,,
10168,,How should a taxpayer decide whether to take the standard deduction or itemize?,Calculate both and choose whichever produces the higher deduction,Always take the standard deduction if available,Always itemize if there are any charitable contributions,"Itemize only if income exceeds $500,000",1,Deductions,Decision Rule,There is no universal rule - taxpayers should calculate both the standard deduction and total itemized deductions each year and use whichever is larger.,1,1,English,US,SafePrepIntuitTax,D,0,1,,,,,,,,,,,,,
10169,,Which category best describes the Earned Income Tax Credit and Premium Tax Credit?,Refundable - can reduce liability to $0 and still generate a refund for any excess,Nonrefundable - can only reduce liability to $0,Partially refundable - a portion is always lost,"Neither - they are deductions, not credits",1,Tax Credits & Calculations,Refundable vs Nonrefundable vs Partially Refundable,"The EITC and Premium Tax Credit are both fully refundable, meaning excess credit beyond the tax owed is paid out as a refund.",1,2,English,US,SafePrepIntuitTax,D,0,1,,,,,,,,,,,,,
10170,,Which category best describes the Child and Dependent Care Credit and the Lifetime Learning Credit?,Nonrefundable - they can reduce liability to $0 but cannot generate a refund,Refundable - excess is always paid as a refund,Partially refundable,"They are exclusions from income, not credits",1,Tax Credits & Calculations,Refundable vs Nonrefundable vs Partially Refundable,Both the Child and Dependent Care Credit and Lifetime Learning Credit are nonrefundable credits.,1,2,English,US,SafePrepIntuitTax,D,0,1,,,,,,,,,,,,,
10171,,"Which tax credits are considered 'partially refundable,' mixing refundable and nonrefundable treatment?",Child Tax Credit and American Opportunity Tax Credit,EITC and Premium Tax Credit,Child and Dependent Care Credit and Lifetime Learning Credit,Saver's Credit and Adoption Credit,1,Tax Credits & Calculations,Refundable vs Nonrefundable vs Partially Refundable,The Child Tax Credit (via the Additional Child Tax Credit) and the American Opportunity Tax Credit both mix refundable and nonrefundable portions.,0,2,English,US,SafePrepIntuitTax,D,0,1,,,,,,,,,,,,,
10172,,"If the Earned Income Tax Credit completely eliminates a taxpayer's tax bill and credit is still left over, what happens to the remainder?",The taxpayer receives it as a cash refund,It is forfeited,It carries forward to next year,It converts to a nonrefundable credit,1,Tax Credits & Calculations,EITC,"Because the EITC is fully refundable, any leftover amount after zeroing out the tax bill is paid out as an actual cash refund.",1,1,English,US,SafePrepIntuitTax,D,0,1,,,,,,,,,,,,,
10173,,Which credit is most beneficial to low-income earners?,Earned Income Tax Credit,American Opportunity Tax Credit,Lifetime Learning Credit,Adoption Credit,1,Tax Credits & Calculations,EITC,"The EITC is specifically designed to benefit low-to-moderate income working taxpayers, unlike the education credits which phase out at higher incomes but aren't specifically targeted at low earners.",1,2,English,US,SafePrepIntuitTax,D,0,1,,,,,,,,,,,,,
10174,,Which of the following is an EITC eligibility requirement?,A valid Social Security number and U.S. citizenship/resident alien status for the entire year,Being enrolled at least half-time in college,Having no children of any age,Owning a Health Savings Account,1,Tax Credits & Calculations,EITC Eligibility,"EITC eligibility requires a valid SSN, U.S. citizen/resident alien status for the full year, investment income below the IRS threshold, and (if no qualifying children) being between ages 25 and 64.",1,2,English,US,SafePrepIntuitTax,D,0,1,,,,,,,,,,,,,
10175,,"For an EITC claimant with no qualifying children, what is the required age range at the end of the tax year?",At least 25 but under 65,At least 18 but under 30,At least 21 with no upper limit,There is no age requirement,1,Tax Credits & Calculations,EITC Eligibility,"Without a qualifying child, the taxpayer must be at least 25 but under 65 at year-end to claim the EITC.",0,2,English,US,SafePrepIntuitTax,D,0,1,,,,,,,,,,,,,
10176,,What is the investment income limit that disqualifies a taxpayer from claiming the EITC if exceeded?,"$11,000 ","$5,000 ","$25,000 ",There is no limit,1,Tax Credits & Calculations,EITC Eligibility,"A taxpayer's investment income must be below $11,000 to remain eligible for the EITC.",0,2,English,US,SafePrepIntuitTax,D,0,1,,,,,,,,,,,,,
10177,,Which credit covers only the first four years of post-secondary education?,American Opportunity Tax Credit,Lifetime Learning Credit,Saver's Credit,Child and Dependent Care Credit,1,Tax Credits & Calculations,Education Credits,"The AOTC applies only to the first four years of higher education, while the Lifetime Learning Credit is available for any year of post-secondary education.",1,1,English,US,SafePrepIntuitTax,D,0,1,,,,,,,,,,,,,
10178,,What is the maximum American Opportunity Tax Credit per student per year?,"$2,500 ","$2,000 ","$1,000 ","$3,000 ",1,Tax Credits & Calculations,Education Credits,"The AOTC allows up to $2,500 per student per year for qualified tuition and materials, and is partially refundable (up to $1,000 if it reduces liability to $0).",0,1,English,US,SafePrepIntuitTax,D,0,1,,,,,,,,,,,,,
10179,,"What is the maximum Lifetime Learning Credit, and is it refundable?","Up to $2,000 (20% of $10,000 in expenses); it is nonrefundable","Up to $2,500; it is fully refundable","Up to $1,000; it is partially refundable",There is no dollar cap,1,Tax Credits & Calculations,Education Credits,"The Lifetime Learning Credit maxes out at $2,000 (20% of the first $10,000 in expenses) and is nonrefundable.",0,2,English,US,SafePrepIntuitTax,D,0,1,,,,,,,,,,,,,
10180,,Can professional development courses qualify for the Lifetime Learning Credit?,"Yes, if they improve job skills","No, only degree-program courses qualify","No, only courses at the taxpayer's alma mater qualify",Only if the employer does not reimburse them,1,Tax Credits & Calculations,Education Credits,"Unlike the AOTC, the Lifetime Learning Credit is broad enough to cover professional development courses that improve job skills, not just degree programs.",0,2,English,US,SafePrepIntuitTax,D,0,1,,,,,,,,,,,,,
10181,,"For 2024, what is the maximum credit rate for the Child and Dependent Care Credit, and up to how much in expenses can be claimed for two or more dependents?","35% rate on up to $6,000 of expenses for two or more dependents","50% rate on up to $10,000 of expenses","20% rate on up to $3,000 of expenses",100% rate on unlimited expenses,1,Tax Credits & Calculations,Child and Dependent Care Credit,"The 2024 Child and Dependent Care Credit allows up to $3,000 in expenses for one dependent or $6,000 for two or more, at a maximum rate of 35% (reduced based on income).",0,2,English,US,SafePrepIntuitTax,D,0,1,,,,,,,,,,,,,
10182,,What is the Saver's Credit designed to encourage?,"Contributions to retirement plans such as IRAs and 401(k)s, benefiting lower-income taxpayers",Contributions to a Health Savings Account,Charitable giving among high-income taxpayers,Purchasing an electric vehicle,1,Tax Credits & Calculations,Saver's Credit,"The Saver's Credit rewards eligible retirement plan contributions and specifically benefits lower-income taxpayers, with a maximum of $1,000 (Single) or $2,000 (MFJ).",0,1,English,US,SafePrepIntuitTax,D,0,1,,,,,,,,,,,,,
10183,,What income range (as a percentage of the federal poverty level) generally qualifies a household for the Premium Tax Credit?,Between 100% and 400% of the federal poverty level,Below 50% of the federal poverty level only,Above 500% of the federal poverty level,There is no income requirement,1,Tax Credits & Calculations,Premium Tax Credit,The Premium Tax Credit generally requires household income between 100% and 400% of the federal poverty level.,0,2,English,US,SafePrepIntuitTax,D,0,1,,,,,,,,,,,,,
10184,,What happens if a taxpayer received more advance Premium Tax Credit than their actual income qualifies for?,They must repay the excess upon reconciliation on their tax return,No reconciliation or repayment is ever required,The excess is automatically forgiven,They lose eligibility for the credit permanently,1,Tax Credits & Calculations,Premium Tax Credit,"The advance Premium Tax Credit must be reconciled on the tax return; overuse based on actual income requires repayment, while underuse results in an additional refundable credit.",0,2,English,US,SafePrepIntuitTax,D,0,1,,,,,,,,,,,,,
10185,,"Which of these credits is specifically for low-to-moderate income earners with children, with the amount varying by income and number of children?",Earned Income Tax Credit,Child Tax Credit,American Opportunity Tax Credit,Lifetime Learning Credit,1,Tax Credits & Calculations,Credits for Filers with Dependents,"The EITC is specifically targeted at low-to-moderate income earners with children, with the amount varying by income and number of qualifying children.",0,2,English,US,SafePrepIntuitTax,D,0,1,,,,,,,,,,,,,
10186,,Why do many tax credits have income limitations?,To direct tax relief toward low-to-moderate income families and promote fair distribution of government resources,To simplify tax filing for the IRS,To increase overall tax revenue,To discourage high earners from filing,1,Tax Credits & Calculations,Why Income Limitations Exist,"Income limitations ensure tax relief targets low-to-moderate income individuals and families, promoting fair distribution of resources and reducing wealth inequality.",0,2,English,US,SafePrepIntuitTax,D,0,1,,,,,,,,,,,,,
10187,,Is Social Security income taxable at the federal level?,"For most Americans, yes - up to 85% of benefits can be federally taxable depending on combined income","No, Social Security is never taxed federally","Yes, but only at the state level","Yes, 100% of benefits are always taxable",1,Income,Basic Taxability,Up to 85% of Social Security benefits can be federally taxable depending on combined/provisional income; most states do not tax benefits the way the federal government does.,1,1,English,US,SafePrepIntuitTax,D,0,1,,,,,,,,,,,,,
10188,,"A taxpayer has $25,000 in wages, $2,000 in interest income, and $5,000 in Social Security benefits. What is his provisional income?","$29,500 ","$32,000 ","$27,000 ","$22,000 ",1,Income,Provisional Income,"Provisional income = other income + 50% of Social Security benefits: $25,000 + $2,000 + (50% x $5,000 = $2,500) = $29,500.",1,2,English,US,SafePrepIntuitTax,D,0,1,,,,,,,,,,,,,
10189,,"For a single filer with provisional income between $25,000 and $34,000, what percentage of Social Security benefits can be taxable?",Up to 50%,0%,Up to 85%,100%,1,Income,Taxability Thresholds - Single,"For single filers, provisional income below $25,000 results in 0% taxable; $25,000-$34,000 results in up to 50% taxable; above $34,000 results in up to 85% taxable.",1,2,English,US,SafePrepIntuitTax,D,0,1,,,,,,,,,,,,,
10190,,"For a Married Filing Jointly couple, at what combined income level does up to 85% of Social Security benefits potentially become taxable?","Above $44,000","Above $25,000","Above $32,000 only",Social Security is never taxable for MFJ filers,1,Income,Taxability Thresholds - MFJ,"For MFJ filers: no tax below $32,000 combined income, up to 50% taxable between $32,000-$44,000, and up to 85% taxable above $44,000.",0,2,English,US,SafePrepIntuitTax,D,0,1,,,,,,,,,,,,,
10191,,"If Social Security is a taxpayer's ONLY source of income, is it taxable?",No - it is not taxed at all unless combined with other income exceeding a base amount,"Yes, always taxable regardless of other income","Only if the benefit exceeds $50,000/year",Only for taxpayers over age 70,1,Income,SS as Sole Income,Social Security only becomes taxable once a taxpayer has other income and their combined income exceeds the applicable base threshold.,0,1,English,US,SafePrepIntuitTax,D,0,1,,,,,,,,,,,,,
10192,,"What does the acronym OASDI, the federal program behind Social Security, stand for?","Old-Age, Survivors, and Disability Insurance",Old-Age Savings and Disability Insurance,Ongoing Assistance for Senior and Disabled Individuals,Old-Age Social and Death Insurance,1,Income,Social Security Benefits Overview,"OASDI stands for Old-Age, Survivors, and Disability Insurance - the official name for the Social Security program.",0,1,English,US,SafePrepIntuitTax,D,0,1,,,,,,,,,,,,,
10193,,What is the one-time lump-sum death payment amount payable to an eligible surviving spouse or child?,$225 ,"$1,000 ",$500 ,"$2,500 ",1,Income,Lump-Sum Death Payment,"Social Security pays a one-time $225 lump-sum death payment to an eligible surviving spouse, or to an eligible child if there is no surviving spouse.",0,2,English,US,SafePrepIntuitTax,D,0,1,,,,,,,,,,,,,
10194,,Are gambling losses tax deductible?,"Yes, but only to the extent of reported winnings, and only if itemizing","No, gambling losses are never deductible","Yes, always fully deductible with no limit","Only losses over $10,000 are deductible",1,Income,Gambling Winnings & Losses,"Gambling losses are deductible only up to the amount of winnings, and only as an itemized deduction - never in excess of winnings.",1,2,English,US,SafePrepIntuitTax,D,0,1,,,,,,,,,,,,,
10195,,"Are gambling winnings taxable, and does it matter whether a Form W-2G was issued?",All gambling winnings are taxable regardless of amount or whether a W-2G was issued,"Only winnings over $5,000 are taxable",Winnings are only taxable if a W-2G was issued,Gambling winnings are never taxable,1,Income,Gambling Winnings & Losses,"The IRS treats all gambling winnings as fully taxable income, regardless of the amount or whether a W-2G was issued.",1,1,English,US,SafePrepIntuitTax,D,0,1,,,,,,,,,,,,,
10196,,"Starting in 2026 under the One Big Beautiful Bill, how is the gambling loss deduction further limited?",Limited to 90% of qualified losses (which remain capped at winnings),Eliminated entirely,"Limited to $1,000 per year",Limited only for professional gamblers,1,Income,Gambling Winnings & Losses,"Starting in 2026, the gambling loss deduction is further limited to 90% of qualified losses, on top of the existing cap at the amount of winnings - so even with full documentation, 100% of losses can no longer offset winnings.",1,3,English,US,SafePrepIntuitTax,D,0,1,,,,,,,,,,,,,
10197,,"Can the actual wagers placed on sports gambling, horse racing, lotteries, and sweepstakes be included in deductible gambling losses?",Yes,"No, only losses from casino table games count","No, wagers are never deductible",Only if the wager exceeds $500,1,Income,Gambling Winnings & Losses,"The actual amount wagered or spent on tickets for sports gambling, horse racing, lotteries, and sweepstakes can be included in deductible gambling losses.",0,2,English,US,SafePrepIntuitTax,D,0,1,,,,,,,,,,,,,
10198,,"To support a gambling loss deduction, which of the following should a taxpayer keep records of?","The date and type of gambling, venue name/address, and amount won or lost",Only the total amount won for the year,Nothing - gambling losses require no documentation,"Only receipts for winnings, not losses",1,Income,Gambling Record-Keeping,"Supporting a gambling loss deduction requires records of the date, type of gambling, venue, amount won or lost, and people gambled with.",0,2,English,US,SafePrepIntuitTax,D,0,1,,,,,,,,,,,,,
10199,,What is the general definition of earned income?,All taxable earnings received - essentially what is earned from working,Any money received regardless of source,Only wages reported on a W-2,Investment returns and retirement income,1,Income,Definitions,"Earned income encompasses all taxable earnings received from working, in contrast to unearned income.",1,1,English,US,SafePrepIntuitTax,D,0,1,,,,,,,,,,,,,
10200,,What is the general definition of unearned income?,Money received that is not generated from employment or business activities,Only income from a second job,Money received from working overtime,Self-employment income,1,Income,Definitions,"Unearned income includes money received that is not generated from employment or business activities, such as investment returns or government benefits.",1,1,English,US,SafePrepIntuitTax,D,0,1,,,,,,,,,,,,,
10201,,Which of the following is classified as earned income?,Gig economy earnings,Investment returns,Retirement income,Family support payments,1,Income,Types of Earned Income,"Gig economy earnings are a type of earned income, alongside wages/salaries/tips, nontaxable combat pay, self-employment, union strike benefits, and certain disability benefits.",0,1,English,US,SafePrepIntuitTax,D,0,1,,,,,,,,,,,,,
10202,,Which of the following is classified as unearned income?,Retirement income,Wages and tips,Self-employment earnings,Gig economy earnings,1,Income,Types of Unearned Income,"Retirement income is unearned income, along with inmate earnings, investment returns, government benefits, and family support payments.",0,1,English,US,SafePrepIntuitTax,D,0,1,,,,,,,,,,,,,
10203,,How is nontaxable combat pay classified for the purposes of earned income type?,It is a type of earned income,It is a type of unearned income,It is excluded from both categories,It is only classified for IRA purposes,1,Income,Nontaxable Combat Pay Classification,"Nontaxable combat pay is listed among the types of earned income, even though it is excluded from taxable income.",0,2,English,US,SafePrepIntuitTax,D,0,1,,,,,,,,,,,,,
10204,,"A taxpayer lives and works remotely from California for a New York-based company, but travels to the NY office several days every two months. How should he file his state returns?",A resident return in California AND a nonresident return in New York for income earned while physically working there,"Only a resident return in California, since that's his home state","Only a nonresident return in New York, since that's where the employer is based",No state filing is required since he works remotely,1,Residency & Multi-State Filing,Remote Work Scenarios,Filing is based on where work is physically performed. He owes a resident return to his home state (California) and a nonresident return to New York for income earned while physically present there.,1,3,English,US,SafePrepIntuitTax,D,0,1,,,,,,,,,,,,,
10205,,A California resident owns a rental property in Arizona. Where should the rental income be reported?,A nonresident return in Arizona (where the property is located) and a resident return in California,"Only in California, since that's where the owner lives","Only in Arizona, since that's where the property is located","Neither state, since rental income isn't state-taxable",1,Residency & Multi-State Filing,Rental Income Sourcing,"Rental income is sourced to the state where the property is located (Arizona, nonresident return), while the resident state (California) taxes worldwide income too.",0,2,English,US,SafePrepIntuitTax,D,0,1,,,,,,,,,,,,,
10206,,Which of these requires filing a nonresident state tax return?,Beneficiary income from an estate located in another state,Gambling winnings from a casino in a state with no income tax,Interest earned from an out-of-state bank account,Having an out-of-state employer while working remotely from the home state,1,Residency & Multi-State Filing,Nonresident Return Triggers,"Beneficiary income from an estate/trust sources to the state where the estate is located. Gambling winnings in a no-income-tax state, out-of-state bank interest, and simply having an out-of-state employer (while working remotely) do not require a nonresident return.",1,3,English,US,SafePrepIntuitTax,D,0,1,,,,,,,,,,,,,
10207,,"Is income distributed to a beneficiary from an out-of-state estate or trust generally taxable, unlike a lump-sum inheritance itself?",Yes - it is taxable and sources to the state where the estate/trust is located,"No, all inheritance-related income is non-taxable",Only if the beneficiary lives in the same state as the estate,"It is only taxable at the federal level, never at the state level",1,Residency & Multi-State Filing,Nonresident Return Triggers,"Unlike a lump-sum inheritance (generally not taxable), income distributed to a beneficiary from an estate or trust IS taxable and requires a nonresident return in the estate's state if the beneficiary lives elsewhere.",0,3,English,US,SafePrepIntuitTax,D,0,1,,,,,,,,,,,,,
10208,,In which situation would a nonresident state return NOT be required?,Earning income in one of the nine states with no state income tax,Having S corporation income sourced to another state,Receiving beneficiary income from an out-of-state trust,Having an employer erroneously withhold for the wrong state,1,Residency & Multi-State Filing,Nonresident Return - Not Required,No nonresident return is needed for income earned in a state with no income tax; the other three situations do require one.,0,2,English,US,SafePrepIntuitTax,D,0,1,,,,,,,,,,,,,
10209,,"What does SLR stand for in military tax residency, and to which state does it default?",State of Legal Residence; it defaults to the service member's Home of Record (HOR),Standard Living Requirement; it defaults to the current duty station,State Licensing Requirement; it has no default,Service Location Rule; it defaults to the spouse's home state,1,Residency & Multi-State Filing,SLR/HOR/PDS Definitions,"SLR (State of Legal Residence) is the service member's tax residence state, defaulting to their Home of Record unless changed via Form DD-2058.",1,2,English,US,SafePrepIntuitTax,D,0,1,,,,,,,,,,,,,
10210,,"A service member's Home of Record is Georgia; her spouse currently lives in California, which is also her Permanent Duty Station. Which states can she choose as her SLR?",California or Georgia only,Any state the spouse has ever lived in,Only the spouse's home state,"Only her current physical location, regardless of PDS or HOR",1,Residency & Multi-State Filing,Military Spouse SLR Options,A service member's SLR can be their HOR (default) or their current PDS state - the spouse's original home state has no bearing on the service member's own SLR options unless it coincides with one of those.,0,3,English,US,SafePrepIntuitTax,D,0,1,,,,,,,,,,,,,
10211,,Does a service member's SLR shield ordinary civilian wages earned by physically working a second job in another state?,No - those wages are sourced to the state where the work is physically performed and require a nonresident return there,"Yes, SLR shields all income the service member or spouse earns anywhere","Only civilian wages under $5,000 are shielded","Yes, but only for the service member's own wages, not any dependents",1,Residency & Multi-State Filing,SLR Does Not Shield Civilian Wages,"SLR determines the resident state for military pay (and certain MSRRA-qualifying spousal income), but ordinary civilian wages are still sourced to the state where the work is physically performed.",0,3,English,US,SafePrepIntuitTax,D,0,1,,,,,,,,,,,,,
10212,,"Under the Military Spouse Residency Relief Act (MSRRA), what are a civilian spouse's filing options?","Original state of residency before marriage, the service member's SLR, or the service member's PDS state",Only the state where the couple currently lives,Only the service member's Home of Record,Any state of the spouse's choosing regardless of connection,1,Residency & Multi-State Filing,MSRRA - Spouse Filing Options,"MSRRA gives civilian spouses three options: their original state of residency before marriage, the service member's SLR, or the service member's PDS state.",1,2,English,US,SafePrepIntuitTax,D,0,1,,,,,,,,,,,,,
10213,,"Once a military spouse elects a state of residency under MSRRA, when does that election update if the couple later relocates to a new PDS mid-year?",It does not change mid-year - the election applies for the entire tax year and updates only at the next election point,It updates immediately upon the move,It updates only if the spouse files a new W-4,"MSRRA elections cannot be changed at all, ever",1,Residency & Multi-State Filing,MSRRA - Election Locks for the Year,An MSRRA election applies for the entire tax year starting from the beginning of the marriage and does not automatically change mid-year due to a PDS relocation.,0,3,English,US,SafePrepIntuitTax,D,0,1,,,,,,,,,,,,,
10214,,"Under the Service Members Civil Relief Act (SCRA), when is an active-duty member considered a resident of a state?",Only if that state is their State of Legal Residence (SLR),Whenever they are physically stationed there,Whenever their spouse lives there,Active-duty members are never considered residents of any state,1,Residency & Multi-State Filing,SCRA - Active Duty Residency Rule,"The SCRA provides that an active-duty member is not considered a resident of a state unless it is their SLR, regardless of where they are physically stationed.",0,2,English,US,SafePrepIntuitTax,D,0,1,,,,,,,,,,,,,
10215,,What distinguishes a 'part-year resident' from a 'nonresident' for state tax purposes?,"A part-year resident had a home in the state for only part of the year (e.g., moved states); a nonresident temporarily works there or has in-state income sources without living there",There is no meaningful difference between the two,A nonresident always owes more tax than a part-year resident,Part-year residents never owe tax to either state,1,Residency & Multi-State Filing,Residency Types,A part-year resident lived in the state for only part of the tax year; a nonresident never lived there but has income sourced to or work performed in that state.,0,2,English,US,SafePrepIntuitTax,D,0,1,,,,,,,,,,,,,
10216,,An employer mistakenly withholds state tax for the wrong state. What must the taxpayer do to recoup the erroneous withholding?,"File a nonresident return with $0 earnings for that state, and inform payroll to correct the error going forward",Nothing - the IRS automatically corrects state withholding errors,Wait until the following year to address it,File an amended federal return only,1,Residency & Multi-State Filing,Erroneous State Withholding,"The taxpayer must file a nonresident return showing $0 earnings for the erroneously-withheld state to recoup the withholding, and notify payroll to fix the error.",0,2,English,US,SafePrepIntuitTax,D,0,1,,,,,,,,,,,,,
