ID,Category,Subcategory,Difficulty,Mode,OrderIndex,ConceptTitle,Content,KeyPoints
1,Filing Basics & Dependents,Filing Status,Easy,Standard,1,The Five Filing Statuses,"There are five federal filing statuses: Single, Married Filing Jointly, Married Filing Separately, Head of Household, and Qualifying Surviving Spouse. The correct status affects the standard deduction, tax brackets, and eligibility for many credits.",Single|Married Filing Jointly (MFJ)|Married Filing Separately (MFS)|Head of Household (HOH)|Qualifying Surviving Spouse (QSS)
2,Filing Basics & Dependents,Filing Status,Easy,Assessment,1,The Five Filing Statuses,"Filing status questions test whether you know all five options. Single, MFJ, MFS, HOH, and QSS are the only five - memorize the list cold.",
3,Filing Basics & Dependents,Filing Status,Easy,Recovery,1,The Five Filing Statuses,"Think of filing status as five doors, and every taxpayer walks through exactly one. Single and MFJ are the common ones, HOH and QSS have specific requirements, and MFS is the least common door.",
4,Filing Basics & Dependents,Filing Status,Easy,Standard,2,Determining Marital Status,"Filing status is based on the taxpayer's marital status on the last day of the tax year, December 31. A taxpayer who is unmarried all year files Single, and a taxpayer married as of December 31 is considered married for the whole year.",Status is set as of December 31|Married on Dec 31 = married all year|Divorced by Dec 31 = unmarried all year
5,Filing Basics & Dependents,Filing Status,Easy,Assessment,2,Determining Marital Status,The exam loves the December 31 snapshot rule. It doesn't matter if a couple married on December 30 - they're treated as married for the entire year.,
6,Filing Basics & Dependents,Filing Status,Easy,Recovery,2,Determining Marital Status,"Picture a single photo taken at midnight on December 31. Whatever your marital status is in that photo is your status for the whole year, no matter what it was in January.",
7,Filing Basics & Dependents,Filing Status,Easy,Standard,3,Married Filing Jointly Basics,"Married Filing Jointly combines both spouses' income and deductions on one return. It usually produces the lowest combined tax and is available to any legally married couple, even if only one spouse had income.",Combines both spouses' income|Usually the most favorable status|Available even with one earner|Both spouses are jointly liable for the return
8,Filing Basics & Dependents,Filing Status,Easy,Assessment,3,Married Filing Jointly Basics,"MFJ questions usually test that it's available even when only one spouse worked, and that both spouses are on the hook for the whole return.",
9,Filing Basics & Dependents,Filing Status,Easy,Recovery,3,Married Filing Jointly Basics,"Think of MFJ as merging two rivers into one - all the income and deductions flow together, and both spouses are responsible for what's downstream.",
10,Filing Basics & Dependents,Filing Status,Medium,Standard,4,Married Filing Separately Basics,"Married Filing Separately lets each spouse report only their own income and deductions, but it disqualifies the couple from several credits and often results in a higher combined tax bill. It's typically chosen for liability protection or specific tax-planning reasons.","Each spouse reports own income|Disqualifies several credits (EITC, education credits)|Often higher combined tax|Used for liability separation or planning reasons"
11,Filing Basics & Dependents,Filing Status,Medium,Assessment,4,Married Filing Separately Basics,"MFS almost always shows up on the exam as the status that loses credits. If a question mentions EITC or education credits with MFS, the answer is usually 'not allowed.'",
12,Filing Basics & Dependents,Filing Status,Medium,Recovery,4,Married Filing Separately Basics,"MFS is like keeping separate bank accounts in a marriage - it protects you from your spouse's tax problems, but you give up some perks you'd get by combining finances.",
13,Filing Basics & Dependents,Filing Status,Medium,Standard,5,Head of Household Requirements,"Head of Household requires the taxpayer to be unmarried (or considered unmarried) at year-end, pay more than half the cost of keeping up a home, and have a qualifying person live with them for more than half the year.",Must be unmarried or considered unmarried|Pay more than half the home's upkeep|Qualifying person lives there more than half the year|Better standard deduction and brackets than Single
14,Filing Basics & Dependents,Filing Status,Medium,Assessment,5,Head of Household Requirements,"HOH has three tests you need cold: unmarried status, more than half the home costs, and a qualifying person living there more than half the year. Miss any one and it's not HOH.",
15,Filing Basics & Dependents,Filing Status,Medium,Recovery,5,Head of Household Requirements,"Think of HOH as three keys that all have to turn at once: are you unmarried, are you paying most of the bills, and does someone who counts live with you more than half the year?",
16,Filing Basics & Dependents,Filing Status,Hard,Standard,6,Considered Unmarried Rule,"A married taxpayer can still qualify for Head of Household under the 'considered unmarried' rule if they lived apart from their spouse for the last six months of the year, filed a separate return, and paid more than half the cost of a home that was the main home of a qualifying child.",Lived apart from spouse last 6 months|Files a separate return|Paid more than half the home's cost|Home is the main home of a qualifying child
17,Filing Basics & Dependents,Filing Status,Hard,Assessment,6,Considered Unmarried Rule,Considered unmarried is the exception the exam loves to test. A married person can still file HOH if they lived apart from their spouse the last six months of the year and meet the other tests.,
18,Filing Basics & Dependents,Filing Status,Hard,Recovery,6,Considered Unmarried Rule,"Picture a couple who split up in June but never finalized a divorce. As long as they lived apart for the last six months and the taxpayer covers the home for their kid, the tax code treats them as unmarried for HOH purposes.",
19,Filing Basics & Dependents,Filing Status,Medium,Standard,7,Qualifying Surviving Spouse,"Qualifying Surviving Spouse status is available for up to two tax years after a spouse's death, as long as the taxpayer has a dependent child living with them and paid more than half the cost of keeping up the home. It uses the same standard deduction and tax brackets as Married Filing Jointly.",Available up to 2 years after spouse's death|Requires a dependent child in the home|Must pay more than half of home upkeep|Same brackets/deduction as MFJ
20,Filing Basics & Dependents,Filing Status,Medium,Assessment,7,Qualifying Surviving Spouse,"QSS questions test the two-year window and the dependent child requirement. No dependent child living in the home means no QSS, no matter how recently the spouse died.",
21,Filing Basics & Dependents,Filing Status,Medium,Recovery,7,Qualifying Surviving Spouse,"Think of QSS as a soft landing after losing a spouse - for two years, if you're raising their child, the tax code lets you keep MFJ-level treatment even though you're now filing alone.",
22,Filing Basics & Dependents,Filing Status,Medium,Standard,8,Choosing the Most Favorable Status,"When a taxpayer qualifies for more than one filing status, the preparer should generally choose the one that results in the lowest tax, most often Head of Household over Single, or Married Filing Jointly over Married Filing Separately.",Compare eligible statuses for the best result|HOH usually beats Single when qualified|MFJ usually beats MFS|Eligibility rules must still be met exactly
23,Filing Basics & Dependents,Filing Status,Medium,Assessment,8,Choosing the Most Favorable Status,"When a scenario says a taxpayer qualifies for two statuses, the exam wants the one with the lower tax - but only if the taxpayer truly meets every requirement for it.",
24,Filing Basics & Dependents,Filing Status,Medium,Recovery,8,Choosing the Most Favorable Status,"Think of filing status like picking the best-priced lane at checkout - you always take the cheaper lane, but only if you actually qualify to stand in it.",
25,Filing Basics & Dependents,Filing Requirements,Medium,Standard,9,Who Must File a Return,"Whether a taxpayer must file a return depends on their gross income, filing status, age, and dependency status. The IRS publishes minimum income thresholds each year that trigger a filing requirement.","Based on gross income, filing status, age|Thresholds are published annually|Different thresholds for dependents|Filing isn't required below the threshold, but may still be beneficial"
26,Filing Basics & Dependents,Filing Requirements,Medium,Assessment,9,Who Must File a Return,"Filing requirement questions hinge on four factors: income, filing status, age, and dependency status. Missing any one of these changes the threshold.",
27,Filing Basics & Dependents,Filing Requirements,Medium,Recovery,9,Who Must File a Return,"Think of the filing requirement like a bar that moves depending on who you are - single versus married, under 65 versus 65-plus, dependent versus not. Clear the bar and you must file.",
28,Filing Basics & Dependents,Filing Requirements,Medium,Standard,10,Filing Thresholds by Status,"Each filing status has its own gross income threshold that triggers a filing requirement, and the threshold is generally close to the standard deduction for that status. Taxpayers 65 or older get a higher threshold.",Threshold roughly matches the standard deduction|Varies by filing status|Higher threshold at age 65+|Published annually by the IRS
29,Filing Basics & Dependents,Filing Requirements,Medium,Assessment,10,Filing Thresholds by Status,"The exam wants you to know the threshold tracks the standard deduction, and that being 65 or older raises it further.",
30,Filing Basics & Dependents,Filing Requirements,Medium,Recovery,10,Filing Thresholds by Status,Think of the filing threshold as roughly equal to your standard deduction - the IRS isn't going to make you file a return just to report income that would be wiped out by your own deduction anyway.,
31,Filing Basics & Dependents,Filing Requirements,Medium,Standard,11,Self-Employment Filing Threshold,"A taxpayer with net self-employment earnings of $400 or more must file a return and pay self-employment tax, even if their total income is below the regular filing threshold.",$400 net self-employment earnings triggers filing|Applies even below the normal income threshold|Self-employment tax is calculated on Schedule SE|Separate rule from the general filing threshold
32,Filing Basics & Dependents,Filing Requirements,Medium,Assessment,11,Self-Employment Filing Threshold,"This is the exception that trips people up: $400 of net self-employment income forces a filing requirement, even when regular income wouldn't.",
33,Filing Basics & Dependents,Filing Requirements,Medium,Recovery,11,Self-Employment Filing Threshold,"Think of self-employment income as having its own trip-wire set much lower than everyone else's - just $400 net earnings and you must file, no matter what your total income looks like.",
34,Filing Basics & Dependents,Filing Requirements,Hard,Standard,12,Dependents Who Must File,"A dependent must file their own return if their earned income, unearned income, or combined gross income exceeds specific limits that are lower than the limits for non-dependents. Both earned and unearned income thresholds apply, and the lower of the two triggers filing.","Dependents have their own, lower filing thresholds|Earned income and unearned income both have separate limits|Being claimed as a dependent doesn't remove the filing requirement|Applies even if the dependent owes no tax"
35,Filing Basics & Dependents,Filing Requirements,Hard,Assessment,12,Dependents Who Must File,"Dependent filing thresholds are much lower than regular thresholds, and there are separate limits for earned versus unearned income. Watch for both in a scenario.",
36,Filing Basics & Dependents,Filing Requirements,Hard,Recovery,12,Dependents Who Must File,"Think of a dependent's filing requirement as having two separate trip-wires - one for money they earned working, one for money like interest or dividends - and crossing either one means they have to file.",
37,Filing Basics & Dependents,Filing Requirements,Easy,Standard,13,Filing When Not Required,"A taxpayer below the filing threshold may still want to file to claim a refund of withheld taxes or to claim a refundable credit like the Earned Income Tax Credit, even though they aren't legally required to file.",Filing isn't required but can still be worthwhile|Claims back withheld taxes|Needed to claim refundable credits|No penalty for filing when not required
38,Filing Basics & Dependents,Filing Requirements,Easy,Assessment,13,Filing When Not Required,Remember: not being required to file doesn't mean you shouldn't. Withheld taxes and refundable credits only come back if a return is filed.,
39,Filing Basics & Dependents,Filing Requirements,Easy,Recovery,13,Filing When Not Required,"Think of it like leaving cash on the table - if taxes were withheld or a refundable credit is available, filing is the only way to actually collect what's owed to you.",
40,Filing Basics & Dependents,Filing Requirements,Hard,Standard,14,Nonresident Alien Filing Basics,"A nonresident alien with U.S. source income generally files Form 1040-NR rather than the standard Form 1040, and different rules apply to deductions, credits, and filing status.","Files Form 1040-NR, not Form 1040|Different deduction and credit rules apply|Based on U.S. source income|Residency tests determine resident vs. nonresident alien status"
41,Filing Basics & Dependents,Filing Requirements,Hard,Assessment,14,Nonresident Alien Filing Basics,"If a scenario mentions a nonresident alien, the form is 1040-NR, not the standard 1040 - and the deduction and credit rules aren't the same.",
42,Filing Basics & Dependents,Filing Requirements,Hard,Recovery,14,Nonresident Alien Filing Basics,"Think of Form 1040-NR as a completely different rulebook, built specifically for people who earn U.S. income without being U.S. tax residents.",
43,Filing Basics & Dependents,Qualifying Child Tests,Easy,Standard,15,Qualifying Child Overview,"A qualifying child is a dependent who meets specific relationship, age, residency, support, and joint return tests. Meeting all five tests is required, not just some of them.",Relationship test|Age test|Residency test|Support test|Joint return test
44,Filing Basics & Dependents,Qualifying Child Tests,Easy,Assessment,15,Qualifying Child Overview,Qualifying child questions always come back to the same five tests. Missing even one test means the person doesn't qualify as a qualifying child.,
45,Filing Basics & Dependents,Qualifying Child Tests,Easy,Recovery,15,Qualifying Child Overview,"Think of the five qualifying child tests as five locks on one door - you need every single key to open it, not just most of them.",
46,Filing Basics & Dependents,Qualifying Child Tests,Easy,Standard,16,Relationship Test for a Qualifying Child,"The relationship test requires the child to be the taxpayer's son, daughter, stepchild, foster child, sibling, stepsibling, or a descendant of any of them, such as a grandchild, niece, or nephew.","Son, daughter, stepchild, or foster child|Sibling or stepsibling|Descendants of these relationships qualify too|Unrelated children don't meet this test"
47,Filing Basics & Dependents,Qualifying Child Tests,Easy,Assessment,16,Relationship Test for a Qualifying Child,"The relationship test is about the family tree - direct descendants, siblings, and their descendants all count. An unrelated child never passes this test.",
48,Filing Basics & Dependents,Qualifying Child Tests,Easy,Recovery,16,Relationship Test for a Qualifying Child,"Picture drawing a family tree - kids, grandkids, siblings, nieces and nephews are all on it. If the child isn't somewhere on that tree, the relationship test fails.",
49,Filing Basics & Dependents,Qualifying Child Tests,Medium,Standard,17,Age Test for a Qualifying Child,"The age test requires the child to be under 19 at year-end, under 24 if a full-time student, or any age if permanently and totally disabled. The child must also be younger than the taxpayer claiming them (except when disabled).","Under 19, or under 24 if a full-time student|Any age if permanently and totally disabled|Must be younger than the taxpayer (except if disabled)|Full-time student has its own definition"
50,Filing Basics & Dependents,Qualifying Child Tests,Medium,Assessment,17,Age Test for a Qualifying Child,"The age test has three thresholds: 19, 24 for students, and no limit for disability. The exam often tests the student exception specifically.",
51,Filing Basics & Dependents,Qualifying Child Tests,Medium,Recovery,17,Age Test for a Qualifying Child,"Think of the age test like three different finish lines - a regular kid stops qualifying at 19, a full-time student gets to run until 24, and a disabled dependent never hits a finish line at all.",
52,Filing Basics & Dependents,Qualifying Child Tests,Medium,Standard,18,Residency Test for a Qualifying Child,"The residency test requires the child to have lived with the taxpayer for more than half the year. Temporary absences for school, medical care, vacation, or military service still count as time lived at home.","Must live with taxpayer more than half the year|Temporary absences still count as time at home|School, medical care, and military service are common exceptions|A child born or who died during the year can still meet this test"
53,Filing Basics & Dependents,Qualifying Child Tests,Medium,Assessment,18,Residency Test for a Qualifying Child,The exam tests the temporary absence exception constantly - a kid away at college is still treated as living at home for this test.,
54,Filing Basics & Dependents,Qualifying Child Tests,Medium,Recovery,18,Residency Test for a Qualifying Child,"Think of temporary absences like a pause button, not a stop button. The clock of 'living at home' keeps running even while a kid is away at school or in the hospital.",
55,Filing Basics & Dependents,Qualifying Child Tests,Medium,Standard,19,Support Test for a Qualifying Child,"The support test for a qualifying child requires that the child did not provide more than half of their own support for the year. Unlike the qualifying relative test, it doesn't matter how much support the taxpayer themselves provided.",Child must not have provided more than half of own support|Doesn't require the taxpayer to have provided the support|Scholarships are excluded when a full-time student is involved|Different from the qualifying relative support test
56,Filing Basics & Dependents,Qualifying Child Tests,Medium,Assessment,19,Support Test for a Qualifying Child,"This is the test people flip backwards. For a qualifying child, ask if the CHILD supported themselves - not whether the taxpayer paid for everything.",
57,Filing Basics & Dependents,Qualifying Child Tests,Medium,Recovery,19,Support Test for a Qualifying Child,Think of it this way: a qualifying child just can't be paying their own way through life. It doesn't matter if grandma paid half the bills - what matters is the kid didn't pay more than half.,
58,Filing Basics & Dependents,Qualifying Child Tests,Medium,Standard,20,Joint Return Test,"A qualifying child generally cannot file a joint return with a spouse for the year, unless that joint return was filed only to claim a refund and no tax liability would exist for either spouse if filing separately.","Filing jointly usually disqualifies a child as a dependent|Exception: joint return filed only to claim a refund|No tax liability for either spouse on separate returns|Rare exception, not the general rule"
59,Filing Basics & Dependents,Qualifying Child Tests,Medium,Assessment,20,Joint Return Test,The joint return test trips people up on the exception. A married teenager filing jointly ONLY to get a refund - with no real tax liability - can still be a qualifying child.,
60,Filing Basics & Dependents,Qualifying Child Tests,Medium,Recovery,20,Joint Return Test,"Think of the refund-only exception as a narrow loophole, not a general rule. If a married dependent files jointly just to collect withholding back, it usually doesn't break their dependent status.",
61,Filing Basics & Dependents,Qualifying Child Tests,Hard,Standard,21,Tie-Breaker Rules for a Qualifying Child,"When a child meets the tests for more than one taxpayer, tie-breaker rules decide who claims the child: a parent wins over a non-parent, and between two parents, the one the child lived with longer wins, or if equal, the parent with the higher AGI.","A parent beats a non-parent claimant|Between two parents, longer residency wins|If residency is equal, higher AGI wins|Applies when more than one person could claim the same child"
62,Filing Basics & Dependents,Qualifying Child Tests,Hard,Assessment,21,Tie-Breaker Rules for a Qualifying Child,"Tie-breaker questions always follow the same order: parent beats non-parent, longer residency wins between parents, and higher AGI breaks a residency tie.",
63,Filing Basics & Dependents,Qualifying Child Tests,Hard,Recovery,21,Tie-Breaker Rules for a Qualifying Child,Picture a simple flowchart: is a parent involved? Parent wins. Two parents? Whoever the kid lived with more wins. Dead even? Whoever earned more wins.,
64,Filing Basics & Dependents,Qualifying Child Tests,Medium,Standard,22,Qualifying Child vs. Qualifying Relative,"A qualifying child and a qualifying relative are two different paths to claiming a dependent. A qualifying child relies on relationship, age, and residency, while a qualifying relative relies on a broader relationship or household test plus a gross income limit.","Two separate sets of tests for dependency|Qualifying child: age and residency driven|Qualifying relative: income limit driven|A person can only be claimed under one category, not both"
65,Filing Basics & Dependents,Qualifying Child Tests,Medium,Assessment,22,Qualifying Child vs. Qualifying Relative,"If a question gives you an age and a living arrangement, think qualifying child. If it gives you an income number, think qualifying relative.",
66,Filing Basics & Dependents,Qualifying Child Tests,Medium,Recovery,22,Qualifying Child vs. Qualifying Relative,Think of these as two different doors into the same room called 'dependent.' A young relative living with you walks through the qualifying child door; an older relative you support financially walks through the qualifying relative door.,
67,Filing Basics & Dependents,Qualifying Relative Tests,Medium,Standard,23,Qualifying Relative Overview,"A qualifying relative is a dependent who doesn't meet the qualifying child tests but meets a relationship or household test, a gross income test, and a support test.",Used when someone doesn't qualify as a qualifying child|Relationship or household member test|Gross income test|Support test
68,Filing Basics & Dependents,Qualifying Relative Tests,Medium,Assessment,23,Qualifying Relative Overview,"Qualifying relative has three tests to remember: relationship or household membership, gross income under the limit, and majority support from the taxpayer.",
69,Filing Basics & Dependents,Qualifying Relative Tests,Medium,Recovery,23,Qualifying Relative Overview,"Think of qualifying relative as the backup category - when someone can't get in through the qualifying child door because of age or residency, this is the second door, with its own three-lock combination.",
70,Filing Basics & Dependents,Qualifying Relative Tests,Medium,Standard,24,Gross Income Test for a Qualifying Relative,"A qualifying relative's gross income for the year must be below the annually adjusted exemption amount. If the person's income exceeds that limit, they cannot be claimed as a qualifying relative regardless of how much support the taxpayer provided.",Gross income must be below the annual limit|Limit is set and adjusted each year|Exceeding the limit disqualifies them entirely|Applies regardless of support level
71,Filing Basics & Dependents,Qualifying Relative Tests,Medium,Assessment,24,Gross Income Test for a Qualifying Relative,"No matter how much support was provided, going even one dollar over the gross income limit disqualifies a qualifying relative completely.",
72,Filing Basics & Dependents,Qualifying Relative Tests,Medium,Recovery,24,Gross Income Test for a Qualifying Relative,"Think of the gross income limit as a hard ceiling, not a guideline. Go over it by even a little, and the qualifying relative claim collapses no matter what else is true.",
73,Filing Basics & Dependents,Qualifying Relative Tests,Hard,Standard,25,Support Test for a Qualifying Relative,"The taxpayer must provide more than half of the qualifying relative's total support for the year. This is the opposite emphasis from the qualifying child support test, which looks at whether the child supported themselves.","Taxpayer must provide more than half of total support|Different focus than the qualifying child support test|Support includes housing, food, medical care, and more|Reverse of the qualifying child support logic"
74,Filing Basics & Dependents,Qualifying Relative Tests,Hard,Assessment,25,Support Test for a Qualifying Relative,"Flip the logic here from the qualifying child test: for a qualifying relative, it's about whether the TAXPAYER provided more than half of the support.",
75,Filing Basics & Dependents,Qualifying Relative Tests,Hard,Recovery,25,Support Test for a Qualifying Relative,"Think of it as a mirror image of the qualifying child support test - there, you ask if the dependent paid their own way; here, you ask if the taxpayer paid most of someone else's way.",
76,Filing Basics & Dependents,Qualifying Relative Tests,Medium,Standard,26,Relationship or Household Test for a Qualifying Relative,"A qualifying relative must either be related to the taxpayer in a specific way (like a parent, sibling, or in-law) or have lived with the taxpayer as a member of the household for the entire year.",Certain relatives qualify without living together|Unrelated people must live in the home all year|A temporary house guest generally doesn't qualify|Some relationships never qualify even living together
77,Filing Basics & Dependents,Qualifying Relative Tests,Medium,Assessment,26,Relationship or Household Test for a Qualifying Relative,"This test has two doors in: certain relatives qualify no matter where they live, while anyone else must have lived in the home for the full year.",
78,Filing Basics & Dependents,Qualifying Relative Tests,Medium,Recovery,26,Relationship or Household Test for a Qualifying Relative,Think of close relatives like parents and siblings as having a permanent pass - they don't need to live with you. Everyone else needs a full year's residency stamp on that pass.,
79,Filing Basics & Dependents,Qualifying Relative Tests,Hard,Standard,27,Multiple Support Agreements,"When no single person provides more than half of someone's support, but a group together provides more than half, a Multiple Support Agreement lets one member who contributed more than 10% claim the dependent, as long as the others agree not to.",Used when no one person provides over half of support|Group must together provide more than half|Claiming member must contribute more than 10%|Other qualifying contributors must sign Form 2120
80,Filing Basics & Dependents,Qualifying Relative Tests,Hard,Assessment,27,Multiple Support Agreements,Multiple support questions always involve siblings splitting a parent's care. Remember the 10% threshold and Form 2120 to make it official.,
81,Filing Basics & Dependents,Qualifying Relative Tests,Hard,Recovery,27,Multiple Support Agreements,"Picture several siblings each chipping in for mom's expenses, with no one covering more than half alone. As long as one sibling contributed over 10% and the others sign off on Form 2120, that sibling can claim mom.",
82,Filing Basics & Dependents,Qualifying Relative Tests,Medium,Standard,28,Not a Qualifying Child of Another Taxpayer,"A person cannot be claimed as a taxpayer's qualifying relative if that person is already a qualifying child of any other taxpayer for the year, even if that other taxpayer doesn't actually claim them.",Being a potential qualifying child elsewhere blocks qualifying relative status|Applies even if the other taxpayer doesn't claim them|Prevents overlapping dependency claims|One of the required qualifying relative tests
83,Filing Basics & Dependents,Qualifying Relative Tests,Medium,Assessment,28,Not a Qualifying Child of Another Taxpayer,"The exam tests this exact trap: even if nobody actually claims a child, being ELIGIBLE as someone else's qualifying child blocks a qualifying relative claim by anyone else.",
84,Filing Basics & Dependents,Qualifying Relative Tests,Medium,Recovery,28,Not a Qualifying Child of Another Taxpayer,"Think of it like a reserved parking spot - even if the reserved car never shows up, nobody else can park there. If a person could be someone's qualifying child, no one else can claim them as a qualifying relative.",
85,Filing Basics & Dependents,Dependency Rules & Special Situations,Hard,Standard,29,Divorced or Separated Parents,"When parents are divorced or separated, the custodial parent - the one the child lived with for more nights during the year - is generally entitled to claim the child, regardless of who provides more financial support.",Custodial parent = more nights during the year|Support level doesn't determine custody for this purpose|Custodial parent can release the claim to the noncustodial parent|Applies specifically to divorced or legally separated parents
86,Filing Basics & Dependents,Dependency Rules & Special Situations,Hard,Assessment,29,Divorced or Separated Parents,"For divorced parents, the exam wants nights, not dollars. Whoever the child slept at more often is the custodial parent, and that's who claims the child by default.",
87,Filing Basics & Dependents,Dependency Rules & Special Situations,Hard,Recovery,29,Divorced or Separated Parents,"Think of it as a simple overnight count - not a spending tally. Count up the nights each parent had the child, and whoever wins that count is the default claimant.",
88,Filing Basics & Dependents,Dependency Rules & Special Situations,Medium,Standard,30,Form 8332 Release of Claim,"Form 8332 lets a custodial parent formally release their claim to a child's dependency exemption and Child Tax Credit, allowing the noncustodial parent to claim the child instead.",Signed by the custodial parent|Allows the noncustodial parent to claim the child|Can be for one year or multiple years|Attached to the noncustodial parent's return
89,Filing Basics & Dependents,Dependency Rules & Special Situations,Medium,Assessment,30,Form 8332 Release of Claim,"Form 8332 is the one document that flips the default rule - without it, the noncustodial parent can't claim the child even with a divorce decree that says otherwise.",
90,Filing Basics & Dependents,Dependency Rules & Special Situations,Medium,Recovery,30,Form 8332 Release of Claim,"Think of Form 8332 as a signed permission slip. The custodial parent hands it over, and only then can the noncustodial parent legally step in and claim the child.",
91,Filing Basics & Dependents,Dependency Rules & Special Situations,Easy,Standard,31,Claiming a Dependent Who Files Their Own Return,"A taxpayer can still be claimed as someone else's dependent even if they file their own tax return, but on their own return they must indicate that someone else can claim them as a dependent.",Being claimed doesn't prevent the dependent from filing|The dependent's own return must note they can be claimed|Affects the dependent's own standard deduction|Common for working students claimed by parents
92,Filing Basics & Dependents,Dependency Rules & Special Situations,Easy,Assessment,31,Claiming a Dependent Who Files Their Own Return,Being someone's dependent and filing your own return aren't mutually exclusive - the dependent just has to check the right box saying they can be claimed.,
93,Filing Basics & Dependents,Dependency Rules & Special Situations,Easy,Recovery,31,Claiming a Dependent Who Files Their Own Return,"Think of a college student with a part-time job - they can absolutely file their own return, but they still have to flag on it that mom and dad can claim them too.",
94,Filing Basics & Dependents,Dependency Rules & Special Situations,Hard,Standard,32,Kiddie Tax Basics,"The kiddie tax applies a parent's higher marginal tax rate to a child's unearned income above a certain threshold, preventing families from shifting investment income to a child's lower tax bracket.",Applies to a child's unearned income above a threshold|Taxed at the parent's marginal rate instead of the child's|Designed to prevent income-shifting|Reported using Form 8615 in many cases
95,Filing Basics & Dependents,Dependency Rules & Special Situations,Hard,Assessment,32,Kiddie Tax Basics,"The kiddie tax question always centers on unearned income - think interest, dividends, and capital gains - not wages from a summer job.",
96,Filing Basics & Dependents,Dependency Rules & Special Situations,Hard,Recovery,32,Kiddie Tax Basics,"Think of the kiddie tax as closing a loophole: parents used to put investments in a kid's name to get a lower tax rate, so the law now taxes that unearned income at the parent's rate instead.",
97,Filing Basics & Dependents,Dependency Rules & Special Situations,Medium,Standard,33,Consequences of a Dependent Claimed Incorrectly,"When two taxpayers claim the same dependent, the IRS will reject the second e-filed return and require paper filing, and ultimately only the taxpayer who meets the dependency tests is entitled to keep the claim.",Duplicate claims trigger e-file rejection|Second filer must paper file|IRS resolves based on who actually meets the tests|Incorrect claims can be reversed and penalized
98,Filing Basics & Dependents,Dependency Rules & Special Situations,Medium,Assessment,33,Consequences of a Dependent Claimed Incorrectly,"A duplicate dependent claim doesn't get worked out by whoever files first - the IRS eventually looks at who actually meets the tests, and the loser can face penalties.",
99,Filing Basics & Dependents,Dependency Rules & Special Situations,Medium,Recovery,33,Consequences of a Dependent Claimed Incorrectly,"Think of e-filing like a single ticket window - the first claim through gets processed, but the second gets bounced back to paper, and eventually the IRS sorts out who really qualifies.",
100,Filing Basics & Dependents,Dependency Rules & Special Situations,Medium,Standard,34,Dependents and Credit Eligibility,"Claiming a dependent correctly is often the gateway to major credits, including the Child Tax Credit, the Credit for Other Dependents, the Child and Dependent Care Credit, and Head of Household filing status.",Child Tax Credit requires a qualifying child dependent|Credit for Other Dependents covers other dependents|Child and Dependent Care Credit requires a qualifying dependent|HOH status often depends on having a qualifying dependent
101,Filing Basics & Dependents,Dependency Rules & Special Situations,Medium,Assessment,34,Dependents and Credit Eligibility,"Whenever a question mentions the Child Tax Credit, dependent care costs, or Head of Household, check the dependency rules first - they're the gateway to all of it.",
102,Filing Basics & Dependents,Dependency Rules & Special Situations,Medium,Recovery,34,Dependents and Credit Eligibility,"Think of a qualifying dependent as a key that unlocks several doors at once: credits, filing status, and deductions can all hinge on getting this one determination right.",
103,Filing Basics & Dependents,Personal Information & Filing Basics,Easy,Standard,35,SSN and ITIN Requirements,"Every taxpayer and dependent listed on a return needs a valid Social Security Number or Individual Taxpayer Identification Number. Some credits, like the Child Tax Credit, require a Social Security Number specifically.","SSN or ITIN required for taxpayers and dependents|Some credits require an SSN specifically, not an ITIN|ITINs are issued to those ineligible for an SSN|Missing or mismatched numbers can delay a refund"
104,Filing Basics & Dependents,Personal Information & Filing Basics,Easy,Assessment,35,SSN and ITIN Requirements,"Watch for questions where a dependent only has an ITIN - that can block certain credits like the Child Tax Credit, which specifically requires a Social Security Number.",
105,Filing Basics & Dependents,Personal Information & Filing Basics,Easy,Recovery,35,SSN and ITIN Requirements,"Think of an ITIN as a tax-only ID, not a full-access pass - it lets someone be listed on a return, but some credits still specifically require the real thing: a Social Security Number.",
106,Filing Basics & Dependents,Personal Information & Filing Basics,Easy,Standard,36,Name and SSN Matching,"The name and Social Security Number on a return must match Social Security Administration records exactly, or the return can be rejected or processed with errors, especially after a legal name change.",Name and SSN must match SSA records|Mismatches can cause rejection or delays|Common after marriage or divorce name changes|Update with the SSA before filing if a mismatch is likely
107,Filing Basics & Dependents,Personal Information & Filing Basics,Easy,Assessment,36,Name and SSN Matching,Name-SSN mismatch questions almost always involve a recent marriage or divorce name change that wasn't updated with the SSA first.,
108,Filing Basics & Dependents,Personal Information & Filing Basics,Easy,Recovery,36,Name and SSN Matching,"Think of the SSA's records as the master list the IRS checks against - if your name on the return doesn't match that master list exactly, the system flags it before anything else gets processed.",
109,Filing Basics & Dependents,Personal Information & Filing Basics,Easy,Standard,37,Signing the Return,"A tax return must be signed by the taxpayer, and by both spouses if filing jointly, either with a physical signature on a paper return or an electronic signature via a PIN or prior-year AGI verification for e-filing.",Both spouses must sign a joint return|Physical signature on paper returns|Electronic signature via PIN or prior-year AGI for e-file|An unsigned paper return is not considered filed
110,Filing Basics & Dependents,Personal Information & Filing Basics,Easy,Assessment,37,Signing the Return,"Joint returns need both signatures, whether on paper or the electronic equivalent - one spouse signing alone doesn't make it a valid joint return.",
111,Filing Basics & Dependents,Personal Information & Filing Basics,Easy,Recovery,37,Signing the Return,"Think of a joint return like a joint contract - both names need to be signed on, whether that's ink on paper or a PIN and prior-year AGI typed in for e-file.",
112,Filing Basics & Dependents,Personal Information & Filing Basics,Easy,Standard,38,E-Filing vs. Paper Filing,"E-filing is faster, has a lower error rate due to built-in math checks, and produces quicker refunds than paper filing, which the IRS processes manually and much more slowly.",E-file is faster and has fewer math errors|Paper filing takes significantly longer to process|Most refunds from e-filed returns arrive within 21 days|Some situations still require paper filing
113,Filing Basics & Dependents,Personal Information & Filing Basics,Easy,Assessment,38,E-Filing vs. Paper Filing,"E-file versus paper questions usually just want you to know e-file is faster, more accurate, and gets refunds out sooner.",
114,Filing Basics & Dependents,Personal Information & Filing Basics,Easy,Recovery,38,E-Filing vs. Paper Filing,"Think of e-filing like a direct highway and paper filing like a long, winding backroad - both eventually arrive, but one is built for speed and the other just takes longer by nature.",
115,Filing Basics & Dependents,Personal Information & Filing Basics,Medium,Standard,39,Amended Returns Basics,"A taxpayer who needs to correct a previously filed return uses Form 1040-X to file an amended return, which can be used to fix filing status, dependents, income, deductions, or credits.","Form 1040-X is used to amend a return|Can correct filing status, dependents, income, deductions, or credits|Generally must be filed within a set time limit to claim a refund|Does not replace the original return - it corrects it"
116,Filing Basics & Dependents,Personal Information & Filing Basics,Medium,Assessment,39,Amended Returns Basics,"If a scenario says a mistake was found after filing, the fix is Form 1040-X - not a brand new 1040.",
117,Filing Basics & Dependents,Personal Information & Filing Basics,Medium,Recovery,39,Amended Returns Basics,"Think of Form 1040-X as a correction slip attached to the original return, not a do-over. It tells the IRS exactly what changed and why, rather than starting from scratch.",
118,Income,Wages & Compensation,Easy,Standard,1,W-2 Box 1 Wages,"Form W-2 reports an employee's taxable wages, tips, and other compensation for the year, with Box 1 showing the amount subject to federal income tax. Box 1 wages are usually lower than gross pay because pretax deductions like traditional 401(k) contributions and some health insurance premiums are excluded. Employers must furnish W-2s to employees by a set deadline early in the following year.",W-2 reports wages tips and compensation|Box 1 shows wages subject to federal income tax|Pretax deductions reduce Box 1 below gross pay|Employers must issue W-2s early in the following year
119,Income,Wages & Compensation,Easy,Assessment,1,W-2 Box 1 Wages,If a question asks which box shows federal taxable wages on a W-2 the answer is Box 1 - and remember it can be lower than gross pay due to pretax deductions.,
120,Income,Wages & Compensation,Easy,Recovery,1,W-2 Box 1 Wages,"Think of Box 1 as your paycheck after the tax-free stuff like pretax retirement contributions has already been carved out - it is the number the IRS actually taxes, not your full salary.",
121,Income,Wages & Compensation,Medium,Standard,2,Tip Income Reporting,"All tips an employee receives are taxable income, whether paid directly by customers, added to a credit card charge, or shared through a tip pool. Employees must report tips of a set monthly minimum or more from any single job to their employer, and the employer includes reported tips in Box 1 wages on the W-2. Unreported or allocated tips that were not reported to the employer must still be reported on the return using the appropriate form.",All tips received are taxable income|Employees report tips to their employer monthly|Reported tips flow into W-2 Box 1 wages|Unreported tips must still be reported on the tax return
122,Income,Wages & Compensation,Medium,Assessment,2,Tip Income Reporting,If a scenario mentions tips that were never reported to the employer the taxpayer still owes tax on them and must report them separately on the return.,
123,Income,Wages & Compensation,Medium,Recovery,2,Tip Income Reporting,"Think of tips like any other paycheck money - it does not matter if it came from a jar on the counter instead of a paycheck, the IRS still wants its share.",
124,Income,Wages & Compensation,Medium,Standard,3,Supplemental Wages and Bonuses,"Bonuses, commissions, and other supplemental wages are fully taxable and are usually included in Box 1 of the W-2 along with regular wages. Employers may withhold federal income tax on supplemental wages using a flat percentage method instead of the regular withholding tables. The withholding method used does not change how the income is taxed on the return - it only affects how much was withheld during the year.",Bonuses and commissions are fully taxable wages|Usually combined with regular wages in W-2 Box 1|Employers may use a flat withholding rate for supplemental wages|Withholding method does not change the actual tax owed
125,Income,Wages & Compensation,Medium,Assessment,3,Supplemental Wages and Bonuses,"A question testing bonus withholding is usually testing that the flat supplemental withholding rate affects withholding timing only, not the amount of tax ultimately owed.",
126,Income,Wages & Compensation,Medium,Recovery,3,Supplemental Wages and Bonuses,Think of a bonus like a second helping of the same meal - it still counts as food eaten even though the employer might season the withholding on it a little differently.,
127,Income,Wages & Compensation,Medium,Standard,4,Taxable Fringe Benefits,"Fringe benefits an employer provides, such as personal use of a company car or certain gift cards, are generally taxable and must be included in an employee's wages unless a specific exclusion applies. Common excludable fringe benefits include employer-provided health insurance and a limited amount of group-term life insurance coverage. When a fringe benefit is taxable, its fair market value is added to Box 1 wages on the W-2.",Fringe benefits are taxable unless specifically excluded|Personal use of a company car is a common taxable example|Health insurance and limited group-term life coverage are commonly excluded|Taxable fringe benefit value gets added to W-2 Box 1
128,Income,Wages & Compensation,Medium,Assessment,4,Taxable Fringe Benefits,"When a question describes a benefit an employer gave an employee, check whether it falls under a specific exclusion - if not, assume it is taxable wages.",
129,Income,Wages & Compensation,Medium,Recovery,4,Taxable Fringe Benefits,"Think of fringe benefits like extra perks at a job - some are tax-free treats the law specifically allows, but anything not on that approved list gets added right back into taxable pay.",
130,Income,Wages & Compensation,Hard,Standard,5,Third-Party Sick Pay,"Sick pay received through an employer's insurance plan or a third-party insurer in place of wages during illness or disability is generally taxable to the extent the employer paid the premiums. If the employee paid the insurance premiums with after-tax dollars, the sick pay attributable to those premiums is not taxable. Third-party sick pay is often reported on a separate W-2 or in a distinct box, and the taxable and nontaxable portions must be tracked separately.",Sick pay replacing wages is often taxable income|Taxability depends on who paid the insurance premiums|Employer-paid premiums make the benefit taxable|Employee-paid premiums with after-tax dollars make it nontaxable
131,Income,Wages & Compensation,Hard,Assessment,5,Third-Party Sick Pay,"For sick pay questions the key fact to find is who paid the premiums - employer-paid premiums mean taxable sick pay, employee after-tax premiums mean it is not taxable.",
132,Income,Wages & Compensation,Hard,Recovery,5,Third-Party Sick Pay,"Think of it like an insurance policy you paid for yourself versus one your employer paid for you - if you already paid tax on the money that bought the coverage, the payout should not be taxed again.",
133,Income,Wages & Compensation,Hard,Standard,6,Nonqualified Deferred Compensation Reporting,"Nonqualified deferred compensation lets an employee postpone receiving part of their pay until a future year, but it is still tracked and can become taxable under specific timing rules even before it is actually paid out. Amounts that fail to meet the strict deferral rules can become immediately taxable, along with additional penalties. On the W-2, deferred compensation is tracked separately from regular wages so the timing of income recognition can be identified.",Nonqualified deferred compensation delays receipt of pay|Strict timing rules govern when it becomes taxable|Failing the rules can trigger immediate tax plus penalties|Reported separately from regular W-2 wages
134,Income,Wages & Compensation,Hard,Assessment,6,Nonqualified Deferred Compensation Reporting,"If a question involves deferred compensation that violated its deferral election terms, expect the answer to involve immediate taxation and added penalties rather than the original planned payout year.",
135,Income,Wages & Compensation,Hard,Recovery,6,Nonqualified Deferred Compensation Reporting,"Think of nonqualified deferred compensation like a promise to pay yourself later - break the rules of that promise and the IRS can decide the money was really available to you all along, taxing it right now.",
136,Income,Self-Employment & Business Income,Easy,Standard,7,Schedule C Overview,"Schedule C is used to report income and expenses from a sole proprietorship or a business a taxpayer runs alone, including as a single-member LLC that has not elected corporate treatment. Gross receipts and returns and allowances are reported first, followed by the cost of goods sold and ordinary business expenses, resulting in net profit or loss. That net profit or loss then flows to the taxpayer's Form 1040 and is also used to calculate self-employment tax.",Schedule C reports sole proprietorship business income|Also used by most single-member LLCs|Net profit or loss flows to Form 1040|Net profit is the starting point for self-employment tax
137,Income,Self-Employment & Business Income,Easy,Assessment,7,Schedule C Overview,Any question describing a taxpayer who runs their own unincorporated business points to Schedule C as the form used to report that income.,
138,Income,Self-Employment & Business Income,Easy,Recovery,7,Schedule C Overview,"Think of Schedule C as the business's own mini tax return that lives inside the personal return, tallying up everything the business earned and spent before handing off the bottom line.",
139,Income,Self-Employment & Business Income,Easy,Standard,8,Form 1099-NEC,"Form 1099-NEC reports nonemployee compensation paid to independent contractors and other self-employed individuals for services performed. A business must issue a 1099-NEC when it pays an individual a set minimum amount or more during the year for services. The income shown on a 1099-NEC is generally reported on Schedule C, not as wages.",1099-NEC reports nonemployee compensation|Issued by businesses paying independent contractors|Triggered once payments reach a set yearly minimum|Income is reported on Schedule C not as wages
140,Income,Self-Employment & Business Income,Easy,Assessment,8,Form 1099-NEC,"If a taxpayer receives a 1099-NEC, the income belongs on Schedule C as self-employment income, not on the wages line.",
141,Income,Self-Employment & Business Income,Easy,Recovery,8,Form 1099-NEC,"Think of a 1099-NEC as the self-employed version of a W-2 - it tells you what someone earned, but none of the usual payroll taxes have been withheld along the way.",
142,Income,Self-Employment & Business Income,Medium,Standard,9,Self-Employment Tax Basics,"Self-employment tax covers the Social Security and Medicare taxes that self-employed individuals would otherwise have split with an employer, and it applies once net earnings from self-employment reach a set minimum. It is calculated on net earnings from self-employment, which are generally net profit reduced by a small adjustment factor before applying the tax. Half of the self-employment tax is allowed as an adjustment to income on the taxpayer's return.",Self-employment tax replaces the employer half of Social Security and Medicare|Applies once net self-employment earnings reach a set minimum|Calculated on an adjusted version of net profit|Half of the tax is deductible as an adjustment to income
143,Income,Self-Employment & Business Income,Medium,Assessment,9,Self-Employment Tax Basics,"Remember that self-employment tax exists because a self-employed person has to cover both the employee and employer shares of Social Security and Medicare, and half of it is deductible above the line.",
144,Income,Self-Employment & Business Income,Medium,Recovery,9,Self-Employment Tax Basics,"Think of self-employment tax as paying both sides of the payroll tax coin at once, since there is no employer around to split it with you - the deduction for half of it is the law's way of easing that double burden.",
145,Income,Self-Employment & Business Income,Medium,Standard,10,Deducting Ordinary and Necessary Business Expenses,"Business expenses are deductible on Schedule C only if they are ordinary and necessary for the trade or business - ordinary meaning common and accepted in that type of business, and necessary meaning helpful and appropriate for it. Personal expenses are not deductible even if they provide some incidental business benefit, and mixed-use expenses must be allocated between business and personal use. Good records supporting the business purpose and amount of each expense are essential if the deduction is ever questioned.",Deductible expenses must be ordinary and necessary|Ordinary means common in that type of business|Necessary means helpful and appropriate for the business|Mixed-use expenses must be allocated between business and personal
146,Income,Self-Employment & Business Income,Medium,Assessment,10,Deducting Ordinary and Necessary Business Expenses,"When testing whether a Schedule C expense is deductible, apply the ordinary and necessary standard rather than whether the expense was merely helpful in a general sense.",
147,Income,Self-Employment & Business Income,Medium,Recovery,10,Deducting Ordinary and Necessary Business Expenses,"Think of the ordinary and necessary test as asking two simple questions - would other people in this business normally spend money on this, and did it actually help run the business - if both are yes, it is likely deductible.",
148,Income,Self-Employment & Business Income,Medium,Standard,11,Home Office Deduction Concept,"A home office deduction is available only for space used regularly and exclusively for business, such as a dedicated room used solely for work and not for personal purposes. Taxpayers can generally choose between a simplified method based on square footage and a regular method based on actual home expenses allocated by business-use percentage. Employees generally cannot claim a home office deduction, while self-employed taxpayers who meet the exclusive-use test can.",Home office space must be used regularly and exclusively for business|A simplified method uses a square footage calculation|A regular method allocates actual home expenses|Self-employed taxpayers qualify but employees generally do not
149,Income,Self-Employment & Business Income,Medium,Assessment,11,Home Office Deduction Concept,"If a home office question mentions the space is also used for personal purposes like a guest bed, the exclusive-use test fails and no deduction is allowed.",
150,Income,Self-Employment & Business Income,Medium,Recovery,11,Home Office Deduction Concept,"Think of the exclusive-use rule like a locked door - once anything personal creeps into that room's use, the room stops qualifying as a true home office for tax purposes.",
151,Income,Self-Employment & Business Income,Medium,Standard,12,Quarterly Estimated Tax Payments for Self-Employed,"Because no employer withholds tax from self-employment income, self-employed taxpayers generally must make quarterly estimated tax payments to cover both income tax and self-employment tax throughout the year. Underpaying these estimated payments can result in an underpayment penalty, even if the full amount owed is paid with the return. Taxpayers can base estimated payments on their expected current-year tax or on a safe harbor tied to the prior year's tax liability.",Self-employed taxpayers usually make quarterly estimated payments|Covers both income tax and self-employment tax|Underpayment can trigger a penalty even if paid in full by the deadline|Safe harbor based on prior-year tax can help avoid penalties
152,Income,Self-Employment & Business Income,Medium,Assessment,12,Quarterly Estimated Tax Payments for Self-Employed,"If a self-employed taxpayer only pays their full tax bill when filing and made no payments during the year, expect an underpayment penalty question.",
153,Income,Self-Employment & Business Income,Medium,Recovery,12,Quarterly Estimated Tax Payments for Self-Employed,"Think of estimated payments as a self-employed person doing their own version of payroll withholding - pay along the way in chunks, or risk a penalty for waiting until the end.",
154,Income,Interest & Dividend Income,Easy,Standard,13,Form 1099-INT Overview,"Form 1099-INT reports interest income a taxpayer received during the year from sources such as banks, credit unions, and bonds. Most interest reported on a 1099-INT is taxable interest reported on the return as ordinary income. Payers must issue a 1099-INT once interest paid to a taxpayer reaches a set minimum amount for the year.",1099-INT reports interest income from banks and similar payers|Interest is generally taxable as ordinary income|Issued once interest paid reaches a set yearly minimum|Reported on the taxpayer's return as interest income
155,Income,Interest & Dividend Income,Easy,Assessment,13,Form 1099-INT Overview,"A 1099-INT showing taxable interest is reported as ordinary income on the return, taxed at the taxpayer's regular tax rates.",
156,Income,Interest & Dividend Income,Easy,Recovery,13,Form 1099-INT Overview,Think of a 1099-INT as the bank telling the IRS exactly how much it paid you for letting your money sit there - and that payment is treated just like any other ordinary income.,
157,Income,Interest & Dividend Income,Medium,Standard,14,Tax-Exempt Interest,"Interest from most municipal bonds issued by state or local governments is exempt from federal income tax, even though it must still be reported on the return for informational purposes. Tax-exempt interest is not included in taxable income, but it can still affect other calculations, such as determining how much of a taxpayer's Social Security benefits are taxable. Some municipal bond interest may also be subject to alternative minimum tax depending on the type of bond.",Municipal bond interest is generally exempt from federal tax|Still must be reported on the return for informational purposes|Not included in taxable income directly|Can affect other calculations like Social Security benefit taxability
158,Income,Interest & Dividend Income,Medium,Assessment,14,Tax-Exempt Interest,Tax-exempt interest is reported but not taxed - remember it still counts toward figuring how much Social Security income is taxable.,
159,Income,Interest & Dividend Income,Medium,Recovery,14,Tax-Exempt Interest,Think of tax-exempt interest like a guest who does not have to pay for dinner but still gets counted when the restaurant figures out how big the party is - it shows up on the return even though it escapes direct taxation.,
160,Income,Interest & Dividend Income,Easy,Standard,15,Form 1099-DIV Ordinary Dividends,"Form 1099-DIV reports dividend income a taxpayer received from stocks, mutual funds, and similar investments during the year. Total ordinary dividends are reported in one box, while the portion that qualifies for preferential tax rates is broken out separately. All ordinary dividends are taxable and must be reported on the return even if they were automatically reinvested rather than paid out in cash.",1099-DIV reports dividend income from investments|Total ordinary dividends are shown in one box|A separate box breaks out qualified dividends|Reinvested dividends are still taxable
161,Income,Interest & Dividend Income,Easy,Assessment,15,Form 1099-DIV Ordinary Dividends,Reinvested dividends are a classic trap - they are still fully taxable in the year received even though the taxpayer never touched the cash.,
162,Income,Interest & Dividend Income,Easy,Recovery,15,Form 1099-DIV Ordinary Dividends,"Think of a reinvested dividend like getting a paycheck and immediately using it to buy more company stock - you still earned the income first, so it is still taxable, even though the cash never sat in your pocket.",
163,Income,Interest & Dividend Income,Medium,Standard,16,Qualified Dividends,"Qualified dividends are ordinary dividends that meet specific requirements, including being paid by a U.S. corporation or a qualifying foreign corporation and meeting a minimum holding period for the underlying stock. Qualified dividends are taxed at the lower long-term capital gains rates instead of ordinary income tax rates. On Form 1099-DIV, qualified dividends are reported in a separate box and are always a subset of total ordinary dividends.",Qualified dividends meet specific holding period requirements|Must be paid by a US or qualifying foreign corporation|Taxed at long-term capital gains rates instead of ordinary rates|Always reported as a subset of total ordinary dividends
164,Income,Interest & Dividend Income,Medium,Assessment,16,Qualified Dividends,"If a dividend qualifies, it gets the more favorable capital gains tax rate instead of being taxed as ordinary income - the holding period is the detail most often tested.",
165,Income,Interest & Dividend Income,Medium,Recovery,16,Qualified Dividends,Think of qualified dividends as ordinary dividends that earned a discount by being held long enough - meet the holding period rule and the tax rate drops to match long-term capital gains.,
166,Income,Interest & Dividend Income,Easy,Standard,17,Schedule B Filing Requirement,"Schedule B is required when a taxpayer's total taxable interest or total ordinary dividends for the year each exceed a set threshold amount. It lists each payer and the amount received, providing a detailed breakdown that supports the totals reported on the return. Taxpayers with interest or dividends below the threshold can report the totals directly on the return without completing Schedule B.",Schedule B is required above a set interest or dividend threshold|Lists each payer and amount separately|Applies separately to interest and to dividends|Below-threshold amounts can be reported without Schedule B
167,Income,Interest & Dividend Income,Easy,Assessment,17,Schedule B Filing Requirement,"If total interest or total dividends exceeds the threshold amount, Schedule B is required to itemize each payer.",
168,Income,Interest & Dividend Income,Easy,Recovery,17,Schedule B Filing Requirement,Think of Schedule B as an itemized receipt the IRS wants once your interest or dividend income gets large enough to warrant seeing exactly where each dollar came from.,
169,Income,Capital Gains & Losses,Easy,Standard,18,Short-Term vs Long-Term Capital Gains,"A capital gain or loss is short-term if the asset was held for one year or less before being sold, and long-term if it was held for more than one year. Short-term capital gains are taxed at ordinary income tax rates, while long-term capital gains generally receive preferential, lower tax rates. The holding period begins the day after the asset is acquired and includes the day it is sold.",Assets held one year or less produce short-term gains or losses|Assets held more than one year produce long-term gains or losses|Short-term gains are taxed at ordinary rates|Long-term gains get preferential lower tax rates
170,Income,Capital Gains & Losses,Easy,Assessment,18,Short-Term vs Long-Term Capital Gains,"The one-year holding period is the dividing line - one year or less is short-term taxed as ordinary income, more than one year is long-term taxed at preferential rates.",
171,Income,Capital Gains & Losses,Easy,Recovery,18,Short-Term vs Long-Term Capital Gains,"Think of the holding period like a countdown - cross the one-year mark before selling and the gain switches from being taxed like a paycheck to getting a lower, more favorable tax rate.",
172,Income,Capital Gains & Losses,Medium,Standard,19,Cost Basis,"Cost basis is generally the amount paid to acquire an asset, including the purchase price plus certain related costs such as commissions. Basis is used to calculate gain or loss when the asset is eventually sold, and it can be adjusted upward for improvements or downward for certain deductions taken over time. For inherited property, basis is typically adjusted to the fair market value at the date of death rather than what the original owner paid.",Cost basis generally starts with the purchase price plus acquisition costs|Basis is used to calculate gain or loss on sale|Basis can be adjusted for improvements or prior deductions|Inherited property usually gets a stepped-up basis to fair market value
173,Income,Capital Gains & Losses,Medium,Assessment,19,Cost Basis,Watch for inherited property questions - basis typically steps up to fair market value at death rather than carrying over the decedent's original cost.,
174,Income,Capital Gains & Losses,Medium,Recovery,19,Cost Basis,Think of basis as the tax version of a receipt - it tracks what was really invested in an asset so that only the true profit above that amount gets taxed when it is sold.,
175,Income,Capital Gains & Losses,Medium,Standard,20,Capital Loss Limits and Carryover,"Capital losses first offset capital gains, and any net capital loss beyond that can offset a limited amount of other income each year. A net capital loss that exceeds the annual limit against ordinary income is not lost - it carries forward to future tax years indefinitely until fully used. Short-term and long-term gains and losses are netted separately before being combined into an overall net capital gain or loss.",Capital losses offset capital gains first|A limited amount of excess loss can offset other income each year|Unused losses carry forward to future years indefinitely|Short-term and long-term amounts are netted separately first
176,Income,Capital Gains & Losses,Medium,Assessment,20,Capital Loss Limits and Carryover,"If losses exceed the yearly limit against other income, the excess is not wasted - it carries forward to next year's return.",
177,Income,Capital Gains & Losses,Medium,Recovery,20,Capital Loss Limits and Carryover,"Think of a big capital loss like a gift card with no expiration date - if you cannot use it all this year, the remaining balance just rolls forward to use next year.",
178,Income,Capital Gains & Losses,Hard,Standard,21,Wash Sale Rule,"The wash sale rule disallows a loss deduction when a taxpayer sells a security at a loss and buys the same or a substantially identical security within a window of 30 days before or after the sale. The disallowed loss is not permanently lost - it is added to the basis of the newly purchased replacement security, deferring the loss until that new position is eventually sold. The rule applies across accounts, including purchases made in an IRA, and is intended to prevent taxpayers from claiming a loss while effectively maintaining the same investment position.",Wash sale rule disallows losses on substantially identical securities|Applies within 30 days before or after the sale|Disallowed loss is added to the replacement security's basis|Rule can apply across different accounts including IRAs
179,Income,Capital Gains & Losses,Hard,Assessment,21,Wash Sale Rule,"If a taxpayer sells a stock at a loss and repurchases the same or a substantially identical stock within the 61-day window around the sale, the loss is disallowed under the wash sale rule.",
180,Income,Capital Gains & Losses,Hard,Recovery,21,Wash Sale Rule,Think of the wash sale rule as the IRS saying you cannot claim you lost money on an investment if you basically kept the same bet running the whole time - the loss just gets tucked into the new shares instead of disappearing.,
181,Income,Capital Gains & Losses,Hard,Standard,22,Form 1099-B and Covered vs Noncovered Basis,"Form 1099-B reports proceeds from broker transactions such as stock and security sales, and it typically indicates whether the security is covered or noncovered for basis reporting purposes. For covered securities, the broker is required to report the taxpayer's cost basis to both the taxpayer and the IRS. For noncovered securities, the broker may report proceeds but not basis, leaving the taxpayer responsible for determining and reporting the correct basis on their own.",1099-B reports proceeds from broker-handled security sales|Covered securities have broker-reported basis sent to the IRS|Noncovered securities may show proceeds only without reported basis|Taxpayer must determine basis themselves for noncovered securities
182,Income,Capital Gains & Losses,Hard,Assessment,22,Form 1099-B and Covered vs Noncovered Basis,"If a 1099-B shows a noncovered security with no reported basis, the taxpayer is responsible for figuring out and reporting the correct basis themselves.",
183,Income,Capital Gains & Losses,Hard,Recovery,22,Form 1099-B and Covered vs Noncovered Basis,"Think of covered versus noncovered like a receipt that either came stapled to your purchase or got lost along the way - if it is covered the broker hands the IRS the receipt for you, if not, you have to dig up the proof yourself.",
184,Income,Capital Gains & Losses,Hard,Standard,23,Net Investment Income Tax Concept,"The net investment income tax is an additional tax that applies to certain investment income, such as interest, dividends, and capital gains, once a taxpayer's modified adjusted gross income exceeds a set threshold based on filing status. It applies on top of the regular income tax and capital gains tax already owed on that investment income. The tax generally applies to the smaller of net investment income or the amount by which modified adjusted gross income exceeds the applicable threshold.",Net investment income tax is an additional tax on investment-type income|Applies once modified adjusted gross income exceeds a set threshold|Threshold varies by filing status|Tax applies to the smaller of net investment income or the excess over the threshold
185,Income,Capital Gains & Losses,Hard,Assessment,23,Net Investment Income Tax Concept,"Net investment income tax questions test that this is an extra layer of tax above regular capital gains tax, triggered only once income crosses a filing-status-based threshold.",
186,Income,Capital Gains & Losses,Hard,Recovery,23,Net Investment Income Tax Concept,"Think of the net investment income tax as a surcharge that kicks in for higher-income investors - it does not replace the regular tax on interest, dividends, and gains, it stacks an extra charge on top.",
187,Income,Retirement & Social Security Income Reporting,Medium,Standard,24,Taxability of Social Security Benefits,"Social Security benefits may be partially taxable depending on a taxpayer's combined income, which includes adjusted gross income, tax-exempt interest, and half of the Social Security benefits received. Depending on the combined income level and filing status, up to a certain maximum percentage of benefits can become taxable, but benefits are never fully taxable beyond that cap. Taxpayers with little other income often find that none of their Social Security benefits are taxable at all.","Combined income determines how much of Social Security is taxable|Combined income includes AGI, tax-exempt interest, and half of benefits|A maximum percentage cap applies to how much can be taxed|Low-income taxpayers often owe no tax on their benefits"
188,Income,Retirement & Social Security Income Reporting,Medium,Assessment,24,Taxability of Social Security Benefits,"Remember combined income - not just Social Security itself - drives taxability, and even at high income levels only a capped percentage of benefits can ever be taxed.",
189,Income,Retirement & Social Security Income Reporting,Medium,Recovery,24,Taxability of Social Security Benefits,"Think of combined income as a special mixing bowl that blends regular income with half of Social Security to test whether the benefits should be taxed - and even at the worst mix, only part of the benefit ever ends up taxable.",
190,Income,Retirement & Social Security Income Reporting,Hard,Standard,25,Combined Income and the Social Security Worksheet,"The Social Security benefits worksheet walks through the combined income calculation step by step, comparing combined income to two threshold levels that depend on filing status. Falling below the lower threshold means none of the benefits are taxable, falling between the two thresholds phases in a smaller taxable percentage, and exceeding the upper threshold can phase in the higher maximum taxable percentage. Filing as married filing separately while living with a spouse during the year generally eliminates the lower thresholds, often making benefits taxable at the higher rate regardless of income level.",Worksheet compares combined income to two filing-status-based thresholds|Below the lower threshold means no benefits are taxable|Between the thresholds phases in a smaller taxable percentage|Married filing separately while living together often removes favorable thresholds
191,Income,Retirement & Social Security Income Reporting,Hard,Assessment,25,Combined Income and the Social Security Worksheet,Watch for married filing separately taxpayers who lived with their spouse during the year - the worksheet often makes their Social Security benefits taxable regardless of how low their income is.,
192,Income,Retirement & Social Security Income Reporting,Hard,Recovery,25,Combined Income and the Social Security Worksheet,"Think of the two thresholds like a two-step staircase - the lower step gets you to some benefits being taxed, the upper step raises how much more of it can be taxed, and choosing to file separately while living together can knock out the staircase's landings entirely.",
193,Income,Retirement & Social Security Income Reporting,Medium,Standard,26,Form 1099-R as Income Reporting,"Form 1099-R reports distributions a taxpayer received from pensions, annuities, retirement plans, and similar arrangements during the year. The form shows the gross distribution amount along with the taxable amount, which may be the same or may differ if part of the distribution represents a return of the taxpayer's own after-tax contributions. A distribution code on the form indicates the type of distribution, which affects how it is reported and whether any additional tax may apply.",1099-R reports distributions from pensions and retirement plans|Shows both gross distribution and taxable amount|Taxable amount may be less than gross if after-tax contributions were returned|A distribution code identifies the type of distribution
194,Income,Retirement & Social Security Income Reporting,Medium,Assessment,26,Form 1099-R as Income Reporting,"On a 1099-R, always report the taxable amount shown, not automatically the gross distribution, since after-tax contributions can make the two figures differ.",
195,Income,Retirement & Social Security Income Reporting,Medium,Recovery,26,Form 1099-R as Income Reporting,Think of a 1099-R like a receipt that separates what you are getting back that you already paid tax on from what is genuinely new taxable income - only the new part gets taxed again.,
196,Income,Retirement & Social Security Income Reporting,Medium,Standard,27,Taxable Portion of Pension and Annuity Income,"When a taxpayer contributed after-tax dollars to a pension or annuity, part of each distribution represents a tax-free return of that investment, while the rest is taxable. A method for spreading the tax-free recovery of the investment evenly over the expected payments is used to determine how much of each distribution is nontaxable. If a taxpayer made no after-tax contributions, the entire pension or annuity distribution is generally fully taxable.",After-tax contributions create a tax-free portion of pension distributions|A cost-recovery method spreads the tax-free amount over expected payments|Fully employer-funded pensions are generally entirely taxable|The taxable portion is reported as ordinary income
197,Income,Retirement & Social Security Income Reporting,Medium,Assessment,27,Taxable Portion of Pension and Annuity Income,"If the taxpayer never contributed after-tax dollars to a pension, treat the entire distribution as taxable - the tax-free recovery only applies when after-tax money went in.",
198,Income,Retirement & Social Security Income Reporting,Medium,Recovery,27,Taxable Portion of Pension and Annuity Income,Think of after-tax pension contributions like money you already paid a toll on once - each payment lets a small slice of that pre-paid toll come back to you tax-free before the rest counts as new income.,
199,Income,Rental & Other Income,Easy,Standard,28,Schedule E Rental Income,"Rental real estate income and expenses are generally reported on Schedule E, which calculates net rental income or loss for each property. Common deductible rental expenses include mortgage interest, property taxes, insurance, repairs, and depreciation of the property. Rental income is generally not subject to self-employment tax, unlike income from an active trade or business.",Rental income and expenses are reported on Schedule E|Deductible expenses include mortgage interest property taxes and insurance|Repairs and depreciation are also deductible rental expenses|Rental income is generally not subject to self-employment tax
200,Income,Rental & Other Income,Easy,Assessment,28,Schedule E Rental Income,"Rental real estate normally goes on Schedule E, and importantly, rental income by itself is not subject to self-employment tax.",
201,Income,Rental & Other Income,Easy,Recovery,28,Schedule E Rental Income,"Think of Schedule E as the landlord's version of Schedule C - it nets rental income against expenses like repairs and depreciation, just without the self-employment tax that a business schedule would carry.",
202,Income,Rental & Other Income,Easy,Standard,29,Unemployment Compensation,"Unemployment compensation received from a state or the federal government is taxable income and must be reported on the taxpayer's return. It is reported to the taxpayer on Form 1099-G, which shows the total amount of benefits paid during the year. Unemployment compensation is not subject to Social Security or Medicare tax, but it is included in taxable income for federal income tax purposes.",Unemployment compensation is taxable federal income|Reported to the taxpayer on Form 1099-G|Not subject to Social Security or Medicare tax|Must be included as income on the tax return
203,Income,Rental & Other Income,Easy,Assessment,29,Unemployment Compensation,"Unemployment benefits are taxable income reported via Form 1099-G, even though they are not subject to payroll-type taxes.",
204,Income,Rental & Other Income,Easy,Recovery,29,Unemployment Compensation,"Think of unemployment benefits like a paycheck substitute from the government - it still counts as income the IRS wants to tax, even though no employer is involved.",
205,Income,Rental & Other Income,Medium,Standard,30,Gambling Winnings,"Gambling winnings are fully taxable income and must be reported on the return, regardless of whether the payer issued a Form W-2G. Gambling losses can be deducted only as an itemized deduction and only up to the amount of gambling winnings reported for the year - losses can never create a net gambling loss deduction. Taxpayers must keep adequate records to substantiate both winnings and losses if they intend to claim a loss deduction.",All gambling winnings are fully taxable income|A W-2G is not required for winnings to be taxable|Losses are deductible only as an itemized deduction|Loss deductions cannot exceed reported winnings
206,Income,Rental & Other Income,Medium,Assessment,30,Gambling Winnings,Gambling losses can only offset gambling winnings as an itemized deduction and never create a net loss - winnings themselves are always fully taxable regardless of a W-2G.,
207,Income,Rental & Other Income,Medium,Recovery,30,Gambling Winnings,"Think of gambling losses like a refund limited to what you actually won - you can use losses to cancel out winnings on paper, but you can never turn a losing year into a deduction against your other income.",
208,Income,Rental & Other Income,Hard,Standard,31,Alimony Post-2018 Rule,"For divorce or separation agreements executed after 2018, alimony payments are not deductible by the payer and are not taxable income to the recipient, reversing the treatment that applied to older agreements. Agreements executed before 2019 generally keep their original tax treatment, where alimony is deductible by the payer and taxable to the recipient, unless the agreement is later modified to adopt the new rules. Child support, regardless of when the agreement was executed, has never been deductible or taxable.",Post-2018 agreements make alimony nondeductible and nontaxable|Pre-2019 agreements generally keep the old deductible and taxable treatment|A modified pre-2019 agreement can adopt the new rules if it says so|Child support is never deductible or taxable regardless of date
209,Income,Rental & Other Income,Hard,Assessment,31,Alimony Post-2018 Rule,"The key date is when the divorce or separation agreement was executed - after 2018 means alimony is not deductible or taxable, before 2019 generally keeps the old rule unless modified.",
210,Income,Rental & Other Income,Hard,Recovery,31,Alimony Post-2018 Rule,"Think of the 2019 changeover like a line drawn in the sand - agreements signed after that line ignore alimony for tax purposes entirely, while older agreements keep playing by the old deduct-and-report rules unless they choose to switch.",
211,Income,Rental & Other Income,Hard,Standard,32,Cancellation of Debt Income,"When a lender forgives or cancels a debt a taxpayer owed, the canceled amount is generally treated as taxable income, reported to the taxpayer on Form 1099-C. Certain exceptions and exclusions can prevent cancellation of debt from being taxed, such as when the taxpayer was insolvent immediately before the cancellation or the debt was discharged in bankruptcy. Insolvency generally means the taxpayer's total liabilities exceeded the fair market value of their total assets immediately before the cancellation, and the exclusion is limited to the amount of that insolvency.",Canceled debt is generally taxable income|Reported to the taxpayer on Form 1099-C|Insolvency immediately before cancellation can exclude some or all of the income|Bankruptcy discharge is another common exclusion
212,Income,Rental & Other Income,Hard,Assessment,32,Cancellation of Debt Income,"If a taxpayer was insolvent immediately before a debt was canceled, some or all of the cancellation of debt income can be excluded up to the amount of that insolvency.",
213,Income,Rental & Other Income,Hard,Recovery,32,Cancellation of Debt Income,"Think of canceled debt like a gift of money from the lender - the IRS usually treats forgiven debt as income, unless the taxpayer was already underwater on their finances or the debt vanished through bankruptcy, in which case the tax bill can be excused too.",
214,Income,Rental & Other Income,Medium,Standard,33,Hobby Income,"Income from an activity carried on without a genuine profit motive is treated as hobby income rather than business income, and it must still be reported as taxable income even though it is not subject to self-employment tax. Unlike a business, expenses related to a hobby generally cannot be deducted to offset hobby income under current rules. Factors distinguishing a business from a hobby include whether the activity is run in a businesslike manner and whether the taxpayer depends on the income for their livelihood.",Hobby income is taxable even without a profit motive|Not subject to self-employment tax like business income|Hobby expenses generally cannot be deducted against hobby income|Businesslike operation and reliance on income help distinguish a business from a hobby
215,Income,Rental & Other Income,Medium,Assessment,33,Hobby Income,"Hobby income must be reported in full as taxable income, but unlike Schedule C activities, hobby expenses generally cannot be deducted to reduce it.",
216,Income,Rental & Other Income,Medium,Recovery,33,Hobby Income,"Think of a hobby that happens to earn some money like a garage sale that keeps making a little cash - the IRS still wants that income reported, but it will not let you write off the cost of running your garage sale like a real business.",
217,Income,Rental & Other Income,Easy,Standard,34,Jury Duty Pay and Other Miscellaneous Income,"Jury duty pay is taxable income and must be reported on the return, even though it is a small, occasional amount for most taxpayers. If an employer continues to pay an employee's regular salary during jury duty and requires the employee to turn over their jury duty pay to the employer, the employee may be able to deduct that surrendered amount as an adjustment to income. Other miscellaneous taxable income can include items such as found property or small awards that do not fit neatly into another income category.",Jury duty pay is taxable income|Must be reported even if the amount is small|Pay surrendered to an employer may be deductible as an adjustment|Miscellaneous income covers amounts that do not fit other categories
218,Income,Rental & Other Income,Easy,Assessment,34,Jury Duty Pay and Other Miscellaneous Income,"If an employee had to hand over jury duty pay to their employer because the employer kept paying their salary, that surrendered amount can be claimed as an adjustment to income.",
219,Income,Rental & Other Income,Easy,Recovery,34,Jury Duty Pay and Other Miscellaneous Income,"Think of jury duty pay like any small side income - it still counts as taxable, but if you had to give it straight to your employer in exchange for keeping your regular paycheck, the tax law lets you cancel that amount back out.",
220,Income,Rental & Other Income,Medium,Standard,35,Prizes and Awards,"Prizes and awards, including cash and the fair market value of noncash prizes such as merchandise or trips, are generally taxable income to the recipient. This includes prizes won through contests, sweepstakes, raffles, and similar drawings, regardless of whether the recipient had to do anything to earn the prize. A payer may be required to issue a Form 1099-MISC if the value of a prize or award reaches a set minimum amount for the year.",Prizes and awards are generally taxable income|Includes both cash and the fair market value of noncash prizes|Applies to contests sweepstakes and raffles|A 1099-MISC may be issued once value reaches a set minimum
221,Income,Rental & Other Income,Medium,Assessment,35,Prizes and Awards,"Winning a noncash prize like a car or trip still creates taxable income equal to its fair market value, not just cash prizes.",
222,Income,Rental & Other Income,Medium,Recovery,35,Prizes and Awards,"Think of winning a prize like getting handed cash equal to what the item is worth - even if you receive a trip or a television instead of a check, the tax law treats it the same as if you had won that much money outright.",
223,Retirement Accounts & Distributions,Traditional IRA Basics,Easy,Standard,1,What a Traditional IRA Is,"A Traditional IRA is a personal retirement account that lets an individual set aside earned income for retirement, with contributions that may be tax-deductible and earnings that grow tax-deferred until withdrawal. Anyone with qualifying earned income can open one regardless of whether they also participate in an employer plan. Distributions in retirement are generally taxed as ordinary income.",Personal retirement account funded with earned income|Contributions may be tax-deductible|Earnings grow tax-deferred until withdrawn|Distributions are taxed as ordinary income
224,Retirement Accounts & Distributions,Traditional IRA Basics,Easy,Assessment,1,What a Traditional IRA Is,"A Traditional IRA is funded with earned income, may allow a deduction, grows tax-deferred, and is taxed as ordinary income when distributed.",
225,Retirement Accounts & Distributions,Traditional IRA Basics,Easy,Recovery,1,What a Traditional IRA Is,"Think of a Traditional IRA as a savings account with a tax break built in now, where you settle up with the IRS later when the money comes out in retirement.",
226,Retirement Accounts & Distributions,Traditional IRA Basics,Easy,Standard,2,Contribution Eligibility,"To contribute to a Traditional IRA, a taxpayer (or their spouse, for a spousal contribution) must have qualifying earned income at least equal to the amount contributed for the year. There is no upper age limit that blocks contributions, so a taxpayer can keep contributing as long as they have earned income. Investment income like interest, dividends, and rental income does not count as earned income for this purpose.",Requires earned income at least equal to the contribution|No upper age limit prevents contributions|Spousal contributions use the working spouse's earned income|Investment income does not qualify as earned income
227,Retirement Accounts & Distributions,Traditional IRA Basics,Easy,Assessment,2,Contribution Eligibility,"Eligibility to contribute to an IRA is based on having earned income for the year, not on age or on having a workplace plan.",
228,Retirement Accounts & Distributions,Traditional IRA Basics,Easy,Recovery,2,Contribution Eligibility,"Think of earned income as the ticket needed to enter the IRA contribution game - without a paycheck (yours or your spouse's), you can't buy in.",
229,Retirement Accounts & Distributions,Traditional IRA Basics,Medium,Standard,3,Contribution Deadline,"Contributions to a Traditional IRA for a given tax year can be made up until the unextended filing deadline for that year's return, not December 31. This means a taxpayer can still fund a prior-year IRA contribution early in the following year, as long as it happens before the filing deadline and is properly designated for the earlier year. Filing an extension does not extend this contribution deadline.","Deadline is the unextended filing deadline, not year-end|Prior-year contributions can be made early in the new year|Contribution must be designated for the correct tax year|Filing an extension does not extend the contribution deadline"
230,Retirement Accounts & Distributions,Traditional IRA Basics,Medium,Assessment,3,Contribution Deadline,"IRA contributions for a tax year can be made until the regular filing deadline of the following spring, even though the tax year already ended on December 31.",
231,Retirement Accounts & Distributions,Traditional IRA Basics,Medium,Recovery,3,Contribution Deadline,"Think of the IRA contribution window as staying open a few months past New Year's Eve, closing only when the tax return itself is due.",
232,Retirement Accounts & Distributions,Traditional IRA Basics,Medium,Standard,4,Deductibility When Not Covered by a Workplace Plan,"A taxpayer who is not covered by an employer retirement plan can generally deduct their full Traditional IRA contribution regardless of income level. If the taxpayer is not covered but their spouse is covered by a workplace plan, the taxpayer's own deduction may still be limited based on their combined income. The deduction is taken as an adjustment to income, so it is available even to taxpayers who do not itemize.",Not covered by a workplace plan generally allows a full deduction|Income level does not limit the deduction in this case|A covered spouse can still limit the other spouse's deduction|Deduction is an adjustment to income available without itemizing
233,Retirement Accounts & Distributions,Traditional IRA Basics,Medium,Assessment,4,Deductibility When Not Covered by a Workplace Plan,"If neither spouse is covered by a workplace retirement plan, the Traditional IRA deduction is not limited by income.",
234,Retirement Accounts & Distributions,Traditional IRA Basics,Medium,Recovery,4,Deductibility When Not Covered by a Workplace Plan,"Think of it this way: if nobody in the household already has a work retirement plan, the IRA deduction door stays wide open no matter how much they earn.",
235,Retirement Accounts & Distributions,Traditional IRA Basics,Hard,Standard,5,Deductibility When Covered by a Workplace Plan,"When a taxpayer is an active participant in an employer retirement plan, their Traditional IRA deduction phases out over a range of modified adjusted gross income set by law, and can be eliminated entirely above that range. Active participation is generally shown by a marked retirement plan box on the taxpayer's Form W-2 for the year. Even when the deduction is reduced or lost, the taxpayer can still make a nondeductible contribution to the same IRA.",Active plan participants face an income-based phase-out|Phase-out is measured by modified adjusted gross income|Active participation is often flagged on Form W-2|A lost deduction still allows a nondeductible contribution
236,Retirement Accounts & Distributions,Traditional IRA Basics,Hard,Assessment,5,Deductibility When Covered by a Workplace Plan,"Being an active participant in a workplace plan phases out the IRA deduction as income rises, but a nondeductible contribution is still allowed even if the deduction disappears.",
237,Retirement Accounts & Distributions,Traditional IRA Basics,Hard,Recovery,5,Deductibility When Covered by a Workplace Plan,"Think of the workplace plan box on the W-2 as a flag that shrinks the IRA deduction as income climbs, rather than an outright ban on contributing.",
238,Retirement Accounts & Distributions,Traditional IRA Basics,Hard,Standard,6,Spousal IRA Deductibility Rules,"A married taxpayer who is not an active participant in a workplace plan but whose spouse is a participant faces a separate, generally higher income phase-out range for deducting their own Traditional IRA contribution. This rule exists so that one spouse's access to a workplace plan does not automatically strip the other spouse of a deduction. Filing status matters here, since married filing separately generally faces a much narrower phase-out.",Non-covered spouse of a covered spouse gets a separate phase-out range|That range is generally wider than the covered spouse's own range|Rule prevents one spouse's plan from fully blocking the other's deduction|Married filing separately usually has a much tighter phase-out
239,Retirement Accounts & Distributions,Traditional IRA Basics,Hard,Assessment,6,Spousal IRA Deductibility Rules,"When only one spouse is covered by a workplace plan, the uncovered spouse uses a different, more generous income phase-out for their own IRA deduction.",
240,Retirement Accounts & Distributions,Traditional IRA Basics,Hard,Recovery,6,Spousal IRA Deductibility Rules,"Think of the uncovered spouse as getting a separate lane with a longer runway, rather than being grounded just because their spouse already has a plan at work.",
241,Retirement Accounts & Distributions,Traditional IRA Basics,Medium,Standard,7,Nondeductible Contributions and Form 8606,"When a taxpayer makes a Traditional IRA contribution that is not deductible, either by choice or because income limits eliminated the deduction, the nondeductible amount must be reported on Form 8606 to establish basis in the account. This basis is tracked over the life of the account and is not taxed again when eventually distributed. Failing to file Form 8606 can result in that same money being taxed twice when it is later withdrawn.",Nondeductible contributions are reported on Form 8606|Form 8606 establishes basis in the Traditional IRA|Basis is recovered tax-free when distributed|Skipping the form risks double taxation later
242,Retirement Accounts & Distributions,Traditional IRA Basics,Medium,Assessment,7,Nondeductible Contributions and Form 8606,A nondeductible Traditional IRA contribution must be reported on Form 8606 to preserve basis and avoid being taxed twice on the same money later.,
243,Retirement Accounts & Distributions,Traditional IRA Basics,Medium,Recovery,7,Nondeductible Contributions and Form 8606,"Think of Form 8606 as a receipt proving the tax was already paid on that money, so the IRS does not try to collect on it a second time when it comes out.",
244,Retirement Accounts & Distributions,Traditional IRA Basics,Medium,Standard,8,How Deductible Contributions Reduce AGI,"A deductible Traditional IRA contribution is claimed as an adjustment to income, which lowers adjusted gross income directly rather than being taken as an itemized or standard deduction. Because it reduces AGI, it can also help a taxpayer qualify for other tax benefits that phase out based on AGI. The deduction is available whether or not the taxpayer itemizes deductions.","Deductible IRA contributions are an adjustment to income|They reduce AGI, not just taxable income after AGI|Lower AGI can help other AGI-based benefits phase in|Available regardless of itemizing"
245,Retirement Accounts & Distributions,Traditional IRA Basics,Medium,Assessment,8,How Deductible Contributions Reduce AGI,"A deductible Traditional IRA contribution reduces AGI itself, which can be more valuable than a below-the-line deduction because it can unlock other AGI-based benefits.",
246,Retirement Accounts & Distributions,Traditional IRA Basics,Medium,Recovery,8,How Deductible Contributions Reduce AGI,Think of an AGI-reducing deduction as moving the finish line closer before other tax breaks even start measuring the distance.,
247,Retirement Accounts & Distributions,Roth IRA Basics,Easy,Standard,9,What a Roth IRA Is,"A Roth IRA is a personal retirement account funded with after-tax dollars, meaning contributions are never deductible, but qualified distributions in retirement, including all earnings, come out completely tax-free. Contributions themselves can generally be withdrawn at any time without tax or penalty since they were already taxed. This makes the Roth IRA attractive to taxpayers who expect to be in the same or a higher tax bracket in retirement.","Funded with after-tax dollars, never deductible|Qualified distributions are entirely tax-free|Contributions can generally be withdrawn anytime tax-free|Attractive for those expecting a similar or higher future bracket"
248,Retirement Accounts & Distributions,Roth IRA Basics,Easy,Assessment,9,What a Roth IRA Is,"Roth IRA contributions are never deductible, but qualified distributions, including earnings, are completely tax-free.",
249,Retirement Accounts & Distributions,Roth IRA Basics,Easy,Recovery,9,What a Roth IRA Is,"Think of a Roth IRA as paying the tax bill upfront so the entire account, growth included, can come out tax-free later.",
250,Retirement Accounts & Distributions,Roth IRA Basics,Medium,Standard,10,Income-Based Eligibility to Contribute,"The ability to contribute directly to a Roth IRA phases out as modified adjusted gross income rises above thresholds set by law, and is eliminated entirely above the top of that range. Unlike the Traditional IRA deduction, this income limit applies whether or not the taxpayer is covered by a workplace plan. A taxpayer whose income is too high to contribute directly may still be able to convert Traditional IRA funds to a Roth IRA.",Direct Roth contribution eligibility phases out by income|Applies regardless of workplace plan coverage|Eliminated entirely above the top of the range|High earners may still use a Roth conversion instead
251,Retirement Accounts & Distributions,Roth IRA Basics,Medium,Assessment,10,Income-Based Eligibility to Contribute,"Roth IRA contribution eligibility is limited purely by income, unlike the Traditional IRA deduction, which also depends on workplace plan coverage.",
252,Retirement Accounts & Distributions,Roth IRA Basics,Medium,Recovery,10,Income-Based Eligibility to Contribute,Think of the Roth income limit as a separate gate that has nothing to do with a workplace plan - it only cares about how much you earn.,
253,Retirement Accounts & Distributions,Roth IRA Basics,Easy,Standard,11,Roth Contributions Are Never Deductible,"Contributions to a Roth IRA are made with after-tax money and are never deductible on the tax return, regardless of income or workplace plan coverage. This is the fundamental trade-off of the Roth structure, since the tax benefit comes later in the form of tax-free qualified withdrawals rather than upfront. Taxpayers sometimes confuse this with the Traditional IRA, where deductibility depends on coverage and income.","Roth contributions are always after-tax|No deduction is ever available for a Roth contribution|The tax benefit comes later, at qualified withdrawal|Easy to confuse with Traditional IRA deduction rules"
254,Retirement Accounts & Distributions,Roth IRA Basics,Easy,Assessment,11,Roth Contributions Are Never Deductible,There is no such thing as a deductible Roth IRA contribution - the trade-off for tax-free withdrawals later is no deduction now.,
255,Retirement Accounts & Distributions,Roth IRA Basics,Easy,Recovery,11,Roth Contributions Are Never Deductible,"Think of the Roth as paying full price today in exchange for a tax-free ride later, with no discount offered at the register.",
256,Retirement Accounts & Distributions,Roth IRA Basics,Medium,Standard,12,Qualified Distributions Defined,"A Roth IRA distribution is qualified, and therefore entirely tax-free, only if the five-year holding period has been met and the distribution also meets one of several triggering conditions, such as the owner reaching the RMD age set by law, becoming disabled, or the distribution being used for a first home purchase up to a lifetime limit. A distribution paid to a beneficiary after the owner's death can also be qualified if the five-year rule is satisfied. Meeting only the age requirement without meeting the five-year rule, or vice versa, does not produce a qualified distribution.","Requires the five-year holding period to be satisfied|Also requires a qualifying trigger such as age, disability, or first home|Death of the owner can trigger a qualified distribution for a beneficiary|Both the time test and a trigger are required together"
257,Retirement Accounts & Distributions,Roth IRA Basics,Medium,Assessment,12,Qualified Distributions Defined,"A qualified Roth distribution needs both the five-year holding period and a qualifying trigger like reaching the RMD age, disability, death, or first home purchase.",
258,Retirement Accounts & Distributions,Roth IRA Basics,Medium,Recovery,12,Qualified Distributions Defined,Think of the five-year rule and the trigger event as two separate locks - both have to open at the same time before the withdrawal comes out completely tax-free.,
259,Retirement Accounts & Distributions,Roth IRA Basics,Hard,Standard,13,The Five-Year Rule for Roth Qualified Distributions,"The five-year clock for Roth IRA qualified distributions begins on January 1 of the tax year of the taxpayer's first Roth IRA contribution, and this single start date carries over to all of that taxpayer's Roth IRAs, even ones opened later. A separate five-year clock applies to each Roth conversion for purposes of avoiding the early withdrawal penalty on converted amounts, which is different from the qualified-distribution five-year rule. Once the original account-holding five-year period is satisfied, it never has to be met again for that taxpayer's Roth IRAs.","Clock starts January 1 of the year of the first Roth contribution|One start date applies across all of a taxpayer's Roth IRAs|A separate five-year rule applies to each conversion|Once satisfied, the account-holding period never resets"
260,Retirement Accounts & Distributions,Roth IRA Basics,Hard,Assessment,13,The Five-Year Rule for Roth Qualified Distributions,"The Roth five-year period for qualified distributions starts with the first-ever Roth contribution and applies to all of that taxpayer's Roth IRAs going forward, separate from the per-conversion five-year rule.",
261,Retirement Accounts & Distributions,Roth IRA Basics,Hard,Recovery,13,The Five-Year Rule for Roth Qualified Distributions,"Think of the very first Roth contribution as starting a stopwatch that never resets, no matter how many other Roth accounts get opened afterward.",
262,Retirement Accounts & Distributions,Roth IRA Basics,Medium,Standard,14,Non-Qualified Roth Distributions,"A Roth IRA distribution that does not meet the five-year rule and a qualifying trigger is non-qualified, meaning any earnings withdrawn may be subject to both ordinary income tax and the 10% additional tax unless an exception applies. Because contributions come out first under the ordering rules, many non-qualified distributions are still tax-free until the withdrawals dip into earnings. Converted amounts withdrawn within their own five-year period can also trigger the additional tax even though they are not treated as ordinary income again.",Non-qualified means the five-year rule or trigger was not met|Earnings portion can be taxed and penalized|Contributions withdrawn first are generally tax-free|Early withdrawal of converted funds can trigger the penalty on the converted amount
263,Retirement Accounts & Distributions,Roth IRA Basics,Medium,Assessment,14,Non-Qualified Roth Distributions,"A non-qualified Roth distribution can expose earnings to both income tax and the 10% additional tax, but withdrawals are treated as coming from contributions first.",
264,Retirement Accounts & Distributions,Roth IRA Basics,Medium,Recovery,14,Non-Qualified Roth Distributions,"Think of a Roth IRA as a layered cup: contributions come off the top for free, and only dipping down to the earnings at the bottom risks a tax hit.",
265,Retirement Accounts & Distributions,Roth IRA Basics,Hard,Standard,15,Ordering Rules for Roth Withdrawals,"Roth IRA withdrawals follow a strict ordering rule for tax purposes: regular contributions come out first, followed by conversion and rollover amounts on a first-in, first-out basis, and earnings come out last. This ordering applies automatically regardless of which specific dollars the taxpayer thinks they are withdrawing, and it is what allows many early withdrawals to remain tax-free even without meeting the five-year rule. Only after all contributions and conversions have been withdrawn does a distribution begin to touch earnings.","Contributions come out first|Conversions and rollovers come out next, oldest first|Earnings come out last|Order is automatic and not chosen by the taxpayer"
266,Retirement Accounts & Distributions,Roth IRA Basics,Hard,Assessment,15,Ordering Rules for Roth Withdrawals,"Roth distributions always come out contributions first, then conversions oldest first, then earnings last, regardless of what the taxpayer intends to withdraw.",
267,Retirement Accounts & Distributions,Roth IRA Basics,Hard,Recovery,15,Ordering Rules for Roth Withdrawals,"Think of the Roth IRA like a stack of trays in a cafeteria - the top of the stack is your own contributions, taken before you ever reach the earnings tray at the bottom.",
268,Retirement Accounts & Distributions,Roth IRA Basics,Hard,Standard,16,Backdoor Roth Conversion Concept,"A taxpayer whose income is too high to contribute directly to a Roth IRA can make a nondeductible Traditional IRA contribution and then convert it to a Roth IRA, a strategy commonly called a backdoor Roth contribution. If the taxpayer holds other pre-tax Traditional IRA balances, the conversion is subject to the pro-rata rule, which taxes a proportionate share of the conversion based on the ratio of after-tax basis to total IRA value across all their Traditional IRAs. This means the strategy works cleanest for taxpayers with little or no other pre-tax IRA money.",Combines a nondeductible contribution with an immediate conversion|Used when income is too high for a direct Roth contribution|Pro-rata rule applies if other pre-tax IRA balances exist|Cleanest when the taxpayer has no other pre-tax IRA money
269,Retirement Accounts & Distributions,Roth IRA Basics,Hard,Assessment,16,Backdoor Roth Conversion Concept,"A backdoor Roth contribution is a nondeductible Traditional IRA contribution converted to Roth, but the pro-rata rule taxes part of it if the taxpayer has other pre-tax IRA balances.",
270,Retirement Accounts & Distributions,Roth IRA Basics,Hard,Recovery,16,Backdoor Roth Conversion Concept,Think of all of a taxpayer's Traditional IRAs as one mixed pitcher of pre-tax and after-tax money - the pro-rata rule prevents pouring out just the after-tax part.,
271,Retirement Accounts & Distributions,Employer-Sponsored Plans,Easy,Standard,17,401(k) Basics,"A 401(k) plan is an employer-sponsored retirement plan offered by private-sector employers that allows employees to defer part of their salary into the plan, often with an employer match. Traditional 401(k) contributions are made pre-tax, reducing current taxable wages, and the account grows tax-deferred until distribution. Many employers also offer a Roth 401(k) option within the same plan.","Employer-sponsored plan offered by private-sector employers|Employees defer salary into the plan, often with a match|Traditional contributions are pre-tax and grow tax-deferred|A Roth 401(k) option is often available too"
272,Retirement Accounts & Distributions,Employer-Sponsored Plans,Easy,Assessment,17,401(k) Basics,"A 401(k) is a private-sector employer plan funded through employee salary deferrals, typically pre-tax, often with an employer match.",
273,Retirement Accounts & Distributions,Employer-Sponsored Plans,Easy,Recovery,17,401(k) Basics,"Think of a 401(k) as a slice of your paycheck redirected straight into a retirement account before you ever see it, often with the employer chipping in extra.",
274,Retirement Accounts & Distributions,Employer-Sponsored Plans,Easy,Standard,18,403(b) Basics,"A 403(b) plan works much like a 401(k) but is offered by public schools, certain tax-exempt organizations, and some ministers rather than private-sector employers. Employees defer part of their salary into the plan, and both pre-tax and Roth contribution options are commonly available. Contribution and distribution rules for 403(b) plans closely mirror those of 401(k) plans.",Offered by public schools and tax-exempt organizations|Functions much like a 401(k) plan|Pre-tax and Roth options are commonly available|Contribution and distribution rules closely mirror 401(k) rules
275,Retirement Accounts & Distributions,Employer-Sponsored Plans,Easy,Assessment,18,403(b) Basics,"A 403(b) is the 401(k) equivalent for public school and tax-exempt organization employees, with very similar rules.",
276,Retirement Accounts & Distributions,Employer-Sponsored Plans,Easy,Recovery,18,403(b) Basics,"Think of a 403(b) as the 401(k)'s cousin for teachers, nonprofit workers, and similar employees - same idea, different type of employer.",
277,Retirement Accounts & Distributions,Employer-Sponsored Plans,Easy,Standard,19,SEP IRA Basics,"A SEP IRA is a retirement plan mainly used by self-employed individuals and small business owners that allows the employer to make contributions directly into IRAs owned by each eligible employee. Only the employer contributes to a SEP IRA; employees do not make their own salary deferrals into it, and contributions must generally be made at a uniform percentage of pay for all eligible employees. SEP IRAs are simple to set up and maintain compared to a traditional 401(k) plan.","Common for self-employed individuals and small businesses|Only the employer contributes, no employee deferrals|Contributions generally use a uniform percentage for all eligible employees|Simpler to set up and administer than a 401(k)"
278,Retirement Accounts & Distributions,Employer-Sponsored Plans,Easy,Assessment,19,SEP IRA Basics,A SEP IRA is funded entirely by employer contributions at a uniform percentage of pay - employees do not defer their own salary into it.,
279,Retirement Accounts & Distributions,Employer-Sponsored Plans,Easy,Recovery,19,SEP IRA Basics,"Think of a SEP IRA as the business owner handing out retirement contributions to eligible workers, rather than employees carving money out of their own paychecks.",
280,Retirement Accounts & Distributions,Employer-Sponsored Plans,Medium,Standard,20,SIMPLE IRA Basics,"A SIMPLE IRA is designed for small employers and allows both employee salary deferrals and mandatory employer contributions, either as a matching contribution or a fixed contribution for all eligible employees. It has lower administrative burdens than a 401(k) but also lower contribution limits. Early withdrawals taken within the first two years of participation can face a higher additional tax than withdrawals from other retirement accounts.",Designed for small employers with lower administrative burden|Allows both employee deferrals and required employer contributions|Contribution limits are lower than a 401(k)|Withdrawals within the first two years can face a higher penalty rate
281,Retirement Accounts & Distributions,Employer-Sponsored Plans,Medium,Assessment,20,SIMPLE IRA Basics,"A SIMPLE IRA requires an employer contribution alongside employee deferrals, and early withdrawals in the first two years of participation carry an increased additional tax.",
282,Retirement Accounts & Distributions,Employer-Sponsored Plans,Medium,Recovery,20,SIMPLE IRA Basics,Think of the first two years of a SIMPLE IRA as a probation period - pulling money out early during that window makes the penalty bite harder than usual.,
283,Retirement Accounts & Distributions,Employer-Sponsored Plans,Hard,Standard,21,Pre-Tax vs Roth 401(k) Contributions,"Many 401(k) and 403(b) plans let employees choose between traditional pre-tax deferrals and Roth deferrals within the same plan, and an employee can split contributions between both types up to the same combined annual limit. Pre-tax deferrals reduce current taxable wages but are fully taxed on distribution, while Roth 401(k) deferrals provide no current deduction but allow qualified distributions to come out tax-free. Unlike a Roth IRA, a Roth 401(k) has no income limit restricting who can contribute, and employer matching contributions are generally made on a pre-tax basis even when matching a Roth deferral.",Employees can split deferrals between pre-tax and Roth in one plan|Both share the same combined annual contribution limit|Roth 401(k) has no income limit unlike a Roth IRA|Employer match is generally pre-tax even on Roth deferrals
284,Retirement Accounts & Distributions,Employer-Sponsored Plans,Hard,Assessment,21,Pre-Tax vs Roth 401(k) Contributions,"A Roth 401(k) has no income limit and shares one combined contribution limit with pre-tax deferrals, but employer matches are typically deposited pre-tax regardless of which type the employee chooses.",
285,Retirement Accounts & Distributions,Employer-Sponsored Plans,Hard,Recovery,21,Pre-Tax vs Roth 401(k) Contributions,"Think of the Roth 401(k) as the Roth IRA's more flexible sibling - it drops the income limit, but the employer's matching dollars still land in a separate pre-tax bucket.",
286,Retirement Accounts & Distributions,Employer-Sponsored Plans,Medium,Standard,22,Employer Matching Contributions,"An employer match is money the employer contributes to an employee's retirement plan account based on the employee's own contributions, commonly structured as a percentage match up to a certain percentage of pay. Matching contributions are always made on a pre-tax basis, even in a plan that offers Roth deferrals, and grow tax-deferred until distribution. Employer contributions are typically subject to a vesting schedule, unlike the employee's own deferrals.",Employer contributes based on the employee's own contributions|Usually structured as a percentage match up to a cap|Matching money is deposited pre-tax even for Roth deferrals|Employer contributions are often subject to vesting
287,Retirement Accounts & Distributions,Employer-Sponsored Plans,Medium,Assessment,22,Employer Matching Contributions,"Employer matching contributions are deposited pre-tax regardless of the employee's deferral type, and they are typically subject to vesting.",
288,Retirement Accounts & Distributions,Employer-Sponsored Plans,Medium,Recovery,22,Employer Matching Contributions,"Think of an employer match as free money added on top of what you put in, but it usually needs time on the job to fully become yours.",
289,Retirement Accounts & Distributions,Employer-Sponsored Plans,Medium,Standard,23,Vesting Schedules,"Vesting refers to the portion of employer contributions an employee has a non-forfeitable right to, and it typically follows either a graded schedule, where ownership phases in gradually over several years, or a cliff schedule, where the employee owns none of the employer money until a set number of years of service is reached, then owns all of it at once. An employee's own salary deferrals are always fully vested immediately. If an employee leaves before becoming fully vested, unvested employer contributions are generally forfeited.",Vesting is the employee's non-forfeitable ownership of employer contributions|Graded schedules phase in ownership gradually|Cliff schedules grant full ownership all at once after a set period|Employee deferrals are always fully vested immediately
290,Retirement Accounts & Distributions,Employer-Sponsored Plans,Medium,Assessment,23,Vesting Schedules,Employee salary deferrals are always fully vested; employer contributions vest gradually under a graded schedule or all at once under a cliff schedule.,
291,Retirement Accounts & Distributions,Employer-Sponsored Plans,Medium,Recovery,23,Vesting Schedules,"Think of vesting like earning ownership of a company car over time - a bit more each year under one plan, or none at all until suddenly it is all yours under another.",
292,Retirement Accounts & Distributions,Employer-Sponsored Plans,Hard,Standard,24,Aggregated Elective Deferral Limits,"The annual limit on employee elective deferrals to 401(k) and 403(b) plans is a single combined limit that applies across all such plans an individual participates in during the year, even if the plans are with different employers. This means someone who changes jobs mid-year and defers into two different employers' 401(k) plans must track total deferrals across both to avoid exceeding the combined limit. SEP and SIMPLE employer contributions are generally tracked under separate, plan-specific limits rather than being combined with the 401(k)/403(b) deferral limit.",One combined deferral limit applies across 401(k) and 403(b) plans in a year|Limit applies even across different employers' plans|Job changers must track total deferrals across all employers|SEP and SIMPLE limits are generally tracked separately
293,Retirement Accounts & Distributions,Employer-Sponsored Plans,Hard,Assessment,24,Aggregated Elective Deferral Limits,An employee who works for two employers with 401(k) or 403(b) plans in the same year must combine deferrals across both toward one shared annual limit.,
294,Retirement Accounts & Distributions,Employer-Sponsored Plans,Hard,Recovery,24,Aggregated Elective Deferral Limits,"Think of the elective deferral limit as one shared bucket that follows the employee, not the employer - switching jobs mid-year does not create a second, fresh bucket.",
295,Retirement Accounts & Distributions,Early Withdrawals & Penalties,Easy,Standard,25,The 10% Additional Tax on Early Distributions,"A distribution taken from a retirement account before the age set by law generally triggers a 10% additional tax on top of any regular income tax owed, unless an exception applies. This additional tax applies to the taxable portion of the distribution, so a Roth distribution of already-taxed contributions is not subject to it. The additional tax is reported and calculated using Form 5329 unless an exception is coded directly on Form 1099-R.",Early distributions before the age set by law can trigger a 10% additional tax|Applies on top of regular income tax|Only the taxable portion of the distribution is subject to it|Reported on Form 5329 unless an exception is coded on the 1099-R
296,Retirement Accounts & Distributions,Early Withdrawals & Penalties,Easy,Assessment,25,The 10% Additional Tax on Early Distributions,The 10% additional tax applies to the taxable portion of an early retirement distribution unless a specific exception applies.,
297,Retirement Accounts & Distributions,Early Withdrawals & Penalties,Easy,Recovery,25,The 10% Additional Tax on Early Distributions,Think of the 10% additional tax as an early exit fee for taking retirement money out before the door is officially supposed to open.,
298,Retirement Accounts & Distributions,Early Withdrawals & Penalties,Medium,Standard,26,Higher Education Exception,"A distribution from an IRA used to pay qualified higher education expenses for the taxpayer, their spouse, or their children or grandchildren is exempt from the 10% additional tax, even though it remains subject to regular income tax if the distribution is taxable. This exception applies only to IRA distributions, not to distributions from an employer plan like a 401(k). Qualified expenses generally include tuition, fees, books, and required supplies at an eligible educational institution.","Exception applies to IRA distributions for qualified higher education expenses|Covers the taxpayer, spouse, children, or grandchildren|Only removes the additional tax, not regular income tax|Applies to IRAs only, not employer plans like a 401(k)"
299,Retirement Accounts & Distributions,Early Withdrawals & Penalties,Medium,Assessment,26,Higher Education Exception,"The higher education exception removes the 10% additional tax on an IRA distribution used for qualifying education costs, but it applies to IRAs only, not employer plans.",
300,Retirement Accounts & Distributions,Early Withdrawals & Penalties,Medium,Recovery,26,Higher Education Exception,"Think of this exception as excusing the IRA distribution from the early withdrawal penalty specifically for tuition and related school costs, while the regular tax bill still applies.",
301,Retirement Accounts & Distributions,Early Withdrawals & Penalties,Medium,Standard,27,First-Time Homebuyer Exception,"A taxpayer can withdraw a limited lifetime amount from an IRA penalty-free to help buy, build, or rebuild a first home for themselves, their spouse, or certain close relatives, as long as neither spouse owned a principal residence in the recent period before the purchase defined by law. The distribution remains subject to regular income tax if it comes from pre-tax money, but the 10% additional tax does not apply. Like the education exception, this benefit applies to IRAs and does not extend to employer plan distributions.","Limited lifetime amount can be withdrawn penalty-free for a first home|Applies to the taxpayer, spouse, or certain close relatives|Neither spouse can have recently owned a principal residence|Applies to IRAs, not employer plan distributions"
302,Retirement Accounts & Distributions,Early Withdrawals & Penalties,Medium,Assessment,27,First-Time Homebuyer Exception,"The first-time homebuyer exception waives the 10% additional tax on a limited lifetime IRA distribution used toward a first home, but regular income tax can still apply.",
303,Retirement Accounts & Distributions,Early Withdrawals & Penalties,Medium,Recovery,27,First-Time Homebuyer Exception,"Think of this exception as a one-time pass from an IRA to help clear the down payment hurdle, available only if the buyer has not owned a home recently.",
304,Retirement Accounts & Distributions,Early Withdrawals & Penalties,Medium,Standard,28,Disability Exception,"A distribution taken because the taxpayer is totally and permanently disabled is exempt from the 10% additional tax, regardless of the taxpayer's age, and this exception applies to both IRA and employer plan distributions. Disability for this purpose generally means the taxpayer cannot engage in any substantial gainful activity due to a medically determinable physical or mental condition expected to result in death or to be of long, continued, and indefinite duration. Regular income tax still applies to the taxable portion of the distribution.",Total and permanent disability removes the 10% additional tax|Applies to both IRAs and employer plans|Disability standard requires inability to engage in substantial gainful activity|Regular income tax on the taxable portion still applies
305,Retirement Accounts & Distributions,Early Withdrawals & Penalties,Medium,Assessment,28,Disability Exception,"The disability exception applies to both IRAs and employer plans and removes only the 10% additional tax, not the underlying income tax.",
306,Retirement Accounts & Distributions,Early Withdrawals & Penalties,Medium,Recovery,28,Disability Exception,"Think of disability as one of the broadest exceptions on the list, since it covers essentially any type of retirement account, not just IRAs.",
307,Retirement Accounts & Distributions,Early Withdrawals & Penalties,Medium,Standard,29,Medical Expense Exception,"A distribution used to pay unreimbursed medical expenses that exceed a percentage-of-AGI floor can avoid the 10% additional tax, whether or not the taxpayer actually itemizes deductions for those expenses. This exception applies to distributions from both IRAs and employer plans. Only the amount of expenses above the AGI floor is protected from the additional tax, not the full distribution or the full amount of medical costs.",Unreimbursed medical expenses above an AGI floor avoid the additional tax|Available whether or not the taxpayer itemizes|Applies to both IRAs and employer plans|Only the amount above the AGI floor is protected
308,Retirement Accounts & Distributions,Early Withdrawals & Penalties,Medium,Assessment,29,Medical Expense Exception,"The medical expense exception only protects the portion of a distribution equal to unreimbursed medical costs exceeding the AGI floor, and it does not require itemizing.",
309,Retirement Accounts & Distributions,Early Withdrawals & Penalties,Medium,Recovery,29,Medical Expense Exception,"Think of this exception as covering just the medical costs that spill over a certain height on the AGI ruler, not every dollar spent on health care.",
310,Retirement Accounts & Distributions,Early Withdrawals & Penalties,Hard,Standard,30,Substantially Equal Periodic Payments,"A taxpayer can avoid the 10% additional tax on early distributions by taking a series of substantially equal periodic payments calculated under one of several IRS-approved methods, based on the account balance and the taxpayer's life expectancy. Once started, these payments generally must continue unchanged for the longer of five years or until the taxpayer reaches the age set by law, and modifying or stopping them early can retroactively trigger the additional tax on all payments already taken. This strategy is most often used by someone who needs steady access to retirement funds well before normal retirement age.",Series of substantially equal periodic payments avoids the additional tax|Calculated under an IRS-approved method based on balance and life expectancy|Must continue for the longer of five years or reaching the set age|Early modification can retroactively trigger the additional tax on all prior payments
311,Retirement Accounts & Distributions,Early Withdrawals & Penalties,Hard,Assessment,30,Substantially Equal Periodic Payments,"Substantially equal periodic payments avoid the 10% additional tax only if they continue unmodified for the required minimum period, or the penalty applies retroactively.",
312,Retirement Accounts & Distributions,Early Withdrawals & Penalties,Hard,Recovery,30,Substantially Equal Periodic Payments,Think of a periodic payment schedule as a commitment contract - breaking the pattern early can cancel the deal and bring back all the penalties at once.,
313,Retirement Accounts & Distributions,Early Withdrawals & Penalties,Hard,Standard,31,Separation from Service Exception,"An employee who separates from service during or after the year they turn a specific age set by law can take distributions from that employer's plan without the 10% additional tax, even though they have not yet reached the general early distribution age. This exception applies only to the plan of the employer the taxpayer just separated from, not to IRAs, and it does not apply if the funds are later rolled over into an IRA. Certain public safety employees may qualify for this exception at an earlier age under a separate rule.","Separating from service at or after a certain age avoids the additional tax on that plan|Applies only to the employer plan just separated from|Does not apply to IRAs, and is lost if rolled into an IRA|Some public safety employees qualify at an earlier age"
314,Retirement Accounts & Distributions,Early Withdrawals & Penalties,Hard,Assessment,31,Separation from Service Exception,"The separation-from-service exception only protects distributions taken directly from the employer plan of the job just left, and it does not carry over if those funds move to an IRA.",
315,Retirement Accounts & Distributions,Early Withdrawals & Penalties,Hard,Recovery,31,Separation from Service Exception,"Think of this exception as tied to the specific job just left - it protects withdrawals from that employer's plan only, and rolling the money into an IRA leaves that protection behind.",
316,Retirement Accounts & Distributions,Required Minimum Distributions,Easy,Standard,32,Who Must Take RMDs and From Which Accounts,"Owners of Traditional IRAs, SEP IRAs, SIMPLE IRAs, and most employer plans like 401(k)s and 403(b)s must begin taking required minimum distributions once they reach the RMD age set by law, whether or not they still need the money. The RMD amount is calculated each year based on the account balance and a life expectancy factor from IRS tables. Failing to take the full RMD can result in an additional tax on the shortfall.","Applies to Traditional IRAs, SEP IRAs, SIMPLE IRAs, and most employer plans|Begins once the RMD age set by law is reached|Calculated using account balance and an IRS life expectancy factor|Missing the full amount can trigger an additional tax on the shortfall"
317,Retirement Accounts & Distributions,Required Minimum Distributions,Easy,Assessment,32,Who Must Take RMDs and From Which Accounts,"RMDs apply to Traditional-type IRAs and most employer retirement plans once the owner reaches the RMD age set by law, regardless of need.",
318,Retirement Accounts & Distributions,Required Minimum Distributions,Easy,Recovery,32,Who Must Take RMDs and From Which Accounts,Think of the RMD age as a deadline the government sets for finally starting to collect tax on money that has been growing tax-deferred for years.,
319,Retirement Accounts & Distributions,Required Minimum Distributions,Medium,Standard,33,RMDs Not Required from Roth IRAs During the Owner's Life,"A Roth IRA owner is not required to take RMDs during their own lifetime, since the account was funded with after-tax money and there is no urgent need to force taxation of it. This is a key difference from Traditional IRAs and from designated Roth accounts inside employer plans, which historically required RMDs during the owner's life until recent law changes removed that requirement for plan-based Roth accounts as well. After the Roth IRA owner's death, beneficiaries are generally still subject to distribution rules.",Roth IRA owners never have lifetime RMDs|Reflects that the account is already funded with after-tax money|Roth accounts inside employer plans also no longer require lifetime RMDs|Beneficiaries after death are still subject to distribution rules
320,Retirement Accounts & Distributions,Required Minimum Distributions,Medium,Assessment,33,RMDs Not Required from Roth IRAs During the Owner's Life,"Roth IRAs have no lifetime RMD requirement for the original owner, unlike Traditional IRAs and employer plan accounts.",
321,Retirement Accounts & Distributions,Required Minimum Distributions,Medium,Recovery,33,RMDs Not Required from Roth IRAs During the Owner's Life,"Think of the Roth IRA as money the tax system has already been paid on, so there is no lifetime deadline forcing it back out the door.",
322,Retirement Accounts & Distributions,Required Minimum Distributions,Medium,Standard,34,Consequences of Missing an RMD,"If a taxpayer fails to take a full required minimum distribution by the deadline, the shortfall is subject to an additional tax, though this rate has been reduced from what it was in the past and can be reduced further if the shortfall is corrected within a certain window. A taxpayer can request a waiver of the additional tax by showing the shortfall was due to reasonable error and that steps are being taken to correct it. The missed RMD still must eventually be withdrawn and included in income even after the additional tax issue is resolved.",Missed RMDs trigger an additional tax on the shortfall|The tax rate can be reduced if corrected within a certain window|A waiver can be requested for reasonable error with correction underway|The missed amount must still be withdrawn and included in income
323,Retirement Accounts & Distributions,Required Minimum Distributions,Medium,Assessment,34,Consequences of Missing an RMD,"A missed RMD triggers an additional tax on the shortfall, which can potentially be reduced through timely correction or waived for reasonable error.",
324,Retirement Accounts & Distributions,Required Minimum Distributions,Medium,Recovery,34,Consequences of Missing an RMD,Think of the missed RMD penalty like a late fee that can sometimes be reduced or forgiven if the mistake is fixed quickly and was an honest slip-up.,
325,Retirement Accounts & Distributions,Required Minimum Distributions,Hard,Standard,35,Inherited Account RMD Basics,"When a retirement account passes to a beneficiary, the distribution rules depend heavily on the beneficiary's relationship to the original owner, with a surviving spouse generally having the most flexibility, including the option to treat the account as their own. Most non-spouse beneficiaries are now required to fully distribute an inherited account within a set number of years after death under rules established by recent law changes, sometimes with annual RMDs required within that window if the original owner had already started RMDs. A small category of eligible designated beneficiaries, such as minor children of the owner or beneficiaries who are disabled, chronically ill, or not much younger than the owner, can still stretch distributions over their own life expectancy.",Distribution rules depend on the beneficiary's relationship to the owner|Surviving spouses generally have the most flexible options|Most non-spouse beneficiaries face a set distribution window after death|Certain eligible designated beneficiaries can still stretch distributions over life expectancy
326,Retirement Accounts & Distributions,Required Minimum Distributions,Hard,Assessment,35,Inherited Account RMD Basics,"Non-spouse beneficiaries generally must empty an inherited retirement account within a set post-death window, while a surviving spouse and certain eligible designated beneficiaries have more flexible options.",
327,Retirement Accounts & Distributions,Required Minimum Distributions,Hard,Recovery,35,Inherited Account RMD Basics,"Think of inherited account rules as sorting beneficiaries into lanes - a spouse gets the flexible lane, most others get a fixed number of years, and a special few get to spread it out over their own lifetime.",
328,Retirement Accounts & Distributions,Required Minimum Distributions,Medium,Standard,36,Aggregating RMDs Across Multiple IRAs,"A taxpayer who owns multiple Traditional, SEP, or SIMPLE IRAs can calculate the RMD separately for each one but then satisfy the total combined RMD by withdrawing it from any one or a combination of those IRAs. This aggregation rule does not extend across different types of accounts, so an IRA RMD cannot be satisfied by taking a distribution from a 401(k), and 401(k) RMDs generally must be taken separately from each plan rather than aggregated. Aggregation makes it easier for a taxpayer to manage withdrawals from the account with the most convenient investments or cash available.",IRA RMDs can be aggregated and taken from any combination of the taxpayer's IRAs|Does not apply across different account types like IRAs and 401(k)s|401(k) RMDs generally must be taken separately for each plan|Aggregation gives flexibility in choosing which IRA to withdraw from
329,Retirement Accounts & Distributions,Required Minimum Distributions,Medium,Assessment,36,Aggregating RMDs Across Multiple IRAs,"IRA RMDs can be aggregated and withdrawn from any combination of the taxpayer's own IRAs, but this aggregation does not extend to employer plans like 401(k)s.",
330,Retirement Accounts & Distributions,Required Minimum Distributions,Medium,Recovery,36,Aggregating RMDs Across Multiple IRAs,"Think of all of a taxpayer's IRAs as one shared pool for RMD purposes, while each 401(k) stays in its own separate bucket that must be drained on its own.",
331,Retirement Accounts & Distributions,Rollovers & Conversions,Easy,Standard,37,60-Day Rollover Rule,"When a taxpayer receives a retirement account distribution directly, they generally have 60 days from receipt to roll the funds into another eligible retirement account to avoid current taxation and any early withdrawal penalty. If the deadline is missed, the distribution becomes taxable, and potentially subject to the additional tax, unless the taxpayer qualifies for a limited IRS waiver of the deadline. This rule applies to indirect rollovers, where the taxpayer physically receives the funds before redepositing them.",Taxpayer generally has 60 days to complete an indirect rollover|Missing the deadline makes the distribution taxable|Additional tax can also apply if the deadline is missed|A limited IRS waiver may be available in certain circumstances
332,Retirement Accounts & Distributions,Rollovers & Conversions,Easy,Assessment,37,60-Day Rollover Rule,"An indirect rollover must be completed within 60 days of receiving the distribution, or the funds become taxable and potentially subject to penalty.",
333,Retirement Accounts & Distributions,Rollovers & Conversions,Easy,Recovery,37,60-Day Rollover Rule,"Think of the 60-day window as a clock that starts ticking the moment the check arrives, and that money needs to get back into a retirement account before time runs out.",
334,Retirement Accounts & Distributions,Rollovers & Conversions,Easy,Standard,38,Direct Trustee-to-Trustee Transfers,"A direct trustee-to-trustee transfer moves retirement funds straight from one financial institution to another without the taxpayer ever taking possession of the money, which avoids both the 60-day deadline and any mandatory withholding. This method is generally the safest way to move retirement funds because there is no risk of missing a deadline or forgetting to redeposit the full amount. Direct transfers can move funds between IRAs or between an employer plan and an IRA.","Funds move directly between institutions, taxpayer never touches the money|Avoids the 60-day deadline entirely|Avoids mandatory withholding that applies to some indirect distributions|Can be used between IRAs or between an employer plan and an IRA"
335,Retirement Accounts & Distributions,Rollovers & Conversions,Easy,Assessment,38,Direct Trustee-to-Trustee Transfers,A direct trustee-to-trustee transfer avoids both the 60-day rollover deadline and mandatory withholding because the taxpayer never receives the funds.,
336,Retirement Accounts & Distributions,Rollovers & Conversions,Easy,Recovery,38,Direct Trustee-to-Trustee Transfers,"Think of a direct transfer as the money traveling by wire straight from one institution to another, never passing through hands where it could get lost or delayed.",
337,Retirement Accounts & Distributions,Rollovers & Conversions,Medium,Standard,39,Roth Conversions and Tax Treatment,"Converting pre-tax Traditional IRA or employer plan funds to a Roth IRA requires including the converted amount in taxable income for the year of conversion, since the money has not yet been taxed. There is no income limit restricting who can do a Roth conversion, unlike direct Roth contributions, and there is no limit on how much can be converted in a year. The 10% additional tax generally does not apply to the conversion itself, but withdrawing converted funds within their own five-year period can trigger it.",Converted pre-tax funds are included in taxable income for that year|No income limit restricts who can convert|No dollar limit on how much can be converted|Additional tax does not apply to the conversion itself but can apply to early withdrawal of converted funds
338,Retirement Accounts & Distributions,Rollovers & Conversions,Medium,Assessment,39,Roth Conversions and Tax Treatment,"A Roth conversion is taxable in the year of conversion with no income or dollar limit, and while the conversion itself avoids the additional tax, withdrawing it early can still trigger that tax.",
339,Retirement Accounts & Distributions,Rollovers & Conversions,Medium,Recovery,39,Roth Conversions and Tax Treatment,"Think of a Roth conversion as choosing to pay the tax bill now, on your own terms, in exchange for tax-free growth afterward.",
340,Retirement Accounts & Distributions,Rollovers & Conversions,Hard,Standard,40,One-Rollover-Per-Year Rule for IRAs,"A taxpayer can only complete one indirect, 60-day rollover between IRAs in any twelve-month period, and this limit applies across all of the taxpayer's IRAs combined rather than separately to each account. Direct trustee-to-trustee transfers are not counted toward this limit and can be done as often as needed. Roth conversions from a Traditional IRA are also not counted toward the one-per-year IRA rollover limit.",Only one indirect IRA-to-IRA rollover allowed per twelve-month period|Limit applies across all of the taxpayer's IRAs combined|Direct trustee-to-trustee transfers do not count toward the limit|Roth conversions do not count toward the limit either
341,Retirement Accounts & Distributions,Rollovers & Conversions,Hard,Assessment,40,One-Rollover-Per-Year Rule for IRAs,"The one-rollover-per-year rule limits a taxpayer to a single indirect IRA-to-IRA rollover across all their IRAs combined in twelve months, but direct transfers and conversions are unaffected.",
342,Retirement Accounts & Distributions,Rollovers & Conversions,Hard,Recovery,40,One-Rollover-Per-Year Rule for IRAs,"Think of the one-per-year rule as applying to the taxpayer as a person, not to each IRA separately - owning five IRAs does not mean five allowed rollovers.",
343,Retirement Accounts & Distributions,Rollovers & Conversions,Medium,Standard,41,Mandatory Withholding on Employer Plan Distributions,"When an employer plan distribution is paid directly to the participant rather than transferred to another account, federal income tax withholding at a mandatory flat rate generally applies, even if the participant intends to roll the funds over within 60 days. This means a participant who wants to complete a full rollover must make up the withheld amount out of pocket to avoid part of the distribution being treated as taxable. This mandatory withholding does not apply to direct trustee-to-trustee transfers.",Direct payment to the participant triggers mandatory federal withholding|Applies even if the participant plans to roll the funds over|Participant must replace withheld amount out of pocket for a full rollover|Does not apply to direct trustee-to-trustee transfers
344,Retirement Accounts & Distributions,Rollovers & Conversions,Medium,Assessment,41,Mandatory Withholding on Employer Plan Distributions,"A distribution paid directly to an employer plan participant is subject to mandatory withholding, so completing a full rollover requires replacing the withheld amount from other funds.",
345,Retirement Accounts & Distributions,Rollovers & Conversions,Medium,Recovery,41,Mandatory Withholding on Employer Plan Distributions,"Think of mandatory withholding as a share taken automatically at the door, leaving the participant to cover that gap out of pocket if the whole amount is meant to reach the new account.",
346,Retirement Accounts & Distributions,Rollovers & Conversions,Medium,Standard,42,Rolling Over an Employer Plan to an IRA,"A taxpayer leaving a job, or otherwise eligible for a distribution, can roll funds from an employer plan like a 401(k) into a Traditional IRA without current taxation, preserving the tax-deferred status of the money and often gaining access to a wider range of investment choices. Rolling employer plan funds into a Roth IRA is treated as a conversion and is taxable in the year it occurs if the source funds were pre-tax. Designated Roth 401(k) funds can generally roll into a Roth IRA without additional tax, since both are after-tax sources.",Employer plan funds can roll into a Traditional IRA tax-free|Preserves tax-deferred status and can widen investment choices|Rolling pre-tax employer funds into a Roth IRA is a taxable conversion|Roth 401(k) funds can roll into a Roth IRA without additional tax
347,Retirement Accounts & Distributions,Rollovers & Conversions,Medium,Assessment,42,Rolling Over an Employer Plan to an IRA,"Rolling pre-tax employer plan funds into a Traditional IRA is tax-free, but rolling those same funds into a Roth IRA is a taxable conversion.",
348,Retirement Accounts & Distributions,Rollovers & Conversions,Medium,Recovery,42,Rolling Over an Employer Plan to an IRA,"Think of the destination account as determining the tax bill - a Traditional IRA keeps the tax deferred, while a Roth IRA settles the tax bill immediately.",
349,Retirement Accounts & Distributions,Distribution Taxation & Reporting,Easy,Standard,43,Form 1099-R Basics,"Form 1099-R is issued by the payer to report a distribution from a retirement account, pension, or annuity, showing the gross distribution amount, the taxable amount, and a distribution code that tells the return preparer how the distribution should be treated. The distribution code is critical because it can indicate a normal distribution, an early distribution, a rollover, or a distribution that qualifies for a penalty exception. A taxpayer should always compare the amounts reported on Form 1099-R against their own records before filing.","Form 1099-R reports retirement account and pension distributions|Shows gross distribution, taxable amount, and a distribution code|Distribution code drives how the distribution is treated on the return|Taxpayer should verify the form against their own records"
350,Retirement Accounts & Distributions,Distribution Taxation & Reporting,Easy,Assessment,43,Form 1099-R Basics,Form 1099-R reports the distribution amount and a distribution code that determines how it must be treated on the tax return.,
351,Retirement Accounts & Distributions,Distribution Taxation & Reporting,Easy,Recovery,43,Form 1099-R Basics,Think of the distribution code on Form 1099-R as a shorthand instruction label telling the preparer exactly what kind of withdrawal just happened.,
352,Retirement Accounts & Distributions,Distribution Taxation & Reporting,Easy,Standard,44,How Traditional Distributions Are Taxed,"A distribution from a Traditional IRA or employer plan funded entirely with pre-tax contributions is fully taxable as ordinary income in the year received, since neither the contributions nor the growth have been taxed before. The distribution is added to the taxpayer's other income and taxed at their ordinary rates, not at any special capital gains rate. If the account contains any after-tax basis, part of the distribution can be recovered tax-free under the basis rules.","Fully pre-tax accounts produce fully taxable distributions|Taxed as ordinary income, not capital gains|Added to other income for the year received|After-tax basis in the account allows partial tax-free recovery"
353,Retirement Accounts & Distributions,Distribution Taxation & Reporting,Easy,Assessment,44,How Traditional Distributions Are Taxed,A distribution from a fully pre-tax Traditional account is taxed entirely as ordinary income unless the account also holds after-tax basis.,
354,Retirement Accounts & Distributions,Distribution Taxation & Reporting,Easy,Recovery,44,How Traditional Distributions Are Taxed,"Think of a pre-tax retirement account as a tax bill that has been postponed, not eliminated, and it comes due as ordinary income when the money finally comes out.",
355,Retirement Accounts & Distributions,Distribution Taxation & Reporting,Medium,Standard,45,How Qualified Roth Distributions Are Taxed,"A qualified Roth IRA or Roth 401(k) distribution is entirely excluded from income, meaning neither the original contributions nor any of the accumulated earnings are taxed when withdrawn. This is true no matter how much the account has grown since the tax benefit was locked in when the money went in as after-tax contributions. Because the distribution is not includable in income, it also does not affect the taxation of other income like Social Security benefits.",Qualified Roth distributions are fully excluded from income|Applies to both contributions and all accumulated earnings|Amount of growth does not matter once the distribution is qualified|Does not affect taxation of other income sources
356,Retirement Accounts & Distributions,Distribution Taxation & Reporting,Medium,Assessment,45,How Qualified Roth Distributions Are Taxed,"A qualified Roth distribution is completely tax-free, covering both contributions and earnings, regardless of how much the account has grown.",
357,Retirement Accounts & Distributions,Distribution Taxation & Reporting,Medium,Recovery,45,How Qualified Roth Distributions Are Taxed,"Think of a qualified Roth distribution as a sealed tax-free package - once it qualifies, no part of it, growth included, is taxed again.",
358,Retirement Accounts & Distributions,Distribution Taxation & Reporting,Hard,Standard,46,Basis Recovery for After-Tax Contributions,"When a Traditional IRA contains both pre-tax and after-tax (basis) money, any distribution is treated as coming out proportionally from both, using the ratio of total basis to the total value of all the taxpayer's Traditional, SEP, and SIMPLE IRAs combined, rather than letting the taxpayer choose to withdraw only the after-tax portion. This pro-rata calculation is done on Form 8606 and uses the total year-end value of all these IRAs together, not just the account the distribution came from. The same proportional approach applies when converting only part of a mixed IRA to a Roth IRA.","Distributions from a mixed IRA come out proportionally, not by choice|Ratio is based on total basis over the combined value of all the person's IRAs|Calculated on Form 8606 using year-end values across all such IRAs|Same pro-rata approach applies to partial Roth conversions"
359,Retirement Accounts & Distributions,Distribution Taxation & Reporting,Hard,Assessment,46,Basis Recovery for After-Tax Contributions,"The pro-rata rule forces basis and pre-tax money to come out proportionally from a mixed Traditional IRA, calculated across the value of all the taxpayer's Traditional, SEP, and SIMPLE IRAs combined.",
360,Retirement Accounts & Distributions,Distribution Taxation & Reporting,Hard,Recovery,46,Basis Recovery for After-Tax Contributions,"Think of all of someone's Traditional-type IRAs as one blended smoothie of pre-tax and after-tax money - every sip taken out reflects the same mixed ratio, no matter which cup it is poured from.",
361,Retirement Accounts & Distributions,Distribution Taxation & Reporting,Medium,Standard,47,Excess Contribution Penalty,"A contribution made to an IRA that exceeds the allowable limit for the year, or that is made by someone without sufficient earned income, is an excess contribution subject to a 6% excise tax for each year it remains uncorrected in the account. The excise tax can apply each year the excess remains in the account, so leaving it uncorrected for several years compounds the cost. The tax is calculated and reported on Form 5329.",Excess contributions face a 6% excise tax per year uncorrected|Applies to contributions over the limit or without enough earned income|Tax can recur each year the excess remains in the account|Reported and calculated on Form 5329
362,Retirement Accounts & Distributions,Distribution Taxation & Reporting,Medium,Assessment,47,Excess Contribution Penalty,"An uncorrected excess IRA contribution is subject to a 6% excise tax for each year it remains in the account, reported on Form 5329.",
363,Retirement Accounts & Distributions,Distribution Taxation & Reporting,Medium,Recovery,47,Excess Contribution Penalty,Think of the 6% excise tax as rent charged for every year the excess money overstays its welcome in the account.,
364,Retirement Accounts & Distributions,Distribution Taxation & Reporting,Medium,Standard,48,Corrective Distributions of Excess Contributions,"A taxpayer can avoid the 6% excise tax on an excess contribution by withdrawing the excess amount, along with any earnings attributable to it, before the extended due date of the tax return for that contribution year. The earnings portion of the corrective distribution is taxable in the year the original contribution was made, and may also be subject to the 10% additional tax if the taxpayer is under the early distribution age, but the excess principal itself is not taxed again since it was never deducted or, if deducted, is added back to income. Correcting the excess after the deadline no longer avoids the excise tax, but the excess can still be removed later to stop future years' tax from accruing.",Timely withdrawal of the excess plus earnings avoids the excise tax|Deadline is the extended due date of the return for that contribution year|Earnings withdrawn are taxable and can face the additional tax if under age|Late correction still stops future excise tax even though it does not undo the past
365,Retirement Accounts & Distributions,Distribution Taxation & Reporting,Medium,Assessment,48,Corrective Distributions of Excess Contributions,"Removing an excess contribution along with its earnings by the extended filing deadline avoids the 6% excise tax, though the earnings portion is still taxable and can face the additional tax.",
366,Retirement Accounts & Distributions,Distribution Taxation & Reporting,Medium,Recovery,48,Corrective Distributions of Excess Contributions,Think of a timely corrective distribution as hitting an undo button before the deadline closes - fixing it in time keeps the ongoing penalty from ever starting.,
367,Adjustments to Income,What Adjustments Are & How They Work,Easy,Standard,1,Adjusted Gross Income Overview,"Adjusted gross income, or AGI, is the total income a taxpayer earns from all sources - wages, interest, dividends, business income, and more - minus a specific set of adjustments allowed by law. AGI is calculated before the standard or itemized deduction is applied, and it appears on the front of Form 1040 as a key subtotal. Many other tax calculations, from credit eligibility to deduction limits, are built directly on top of this number.",AGI equals total income minus above-the-line adjustments|Calculated before standard or itemized deductions|Appears as a subtotal on Form 1040|Many credits and deductions are based on AGI
368,Adjustments to Income,What Adjustments Are & How They Work,Easy,Assessment,1,Adjusted Gross Income Overview,"If a question asks what number total income becomes after subtracting adjustments but before subtracting the standard or itemized deduction, the answer is AGI.",
369,Adjustments to Income,What Adjustments Are & How They Work,Easy,Recovery,1,Adjusted Gross Income Overview,"Think of AGI as a checkpoint on the way to taxable income - first you total up everything you earned, then you subtract certain allowed adjustments to land on AGI, and only after that do you subtract the standard or itemized deduction.",
370,Adjustments to Income,What Adjustments Are & How They Work,Easy,Standard,2,Schedule 1 Part II Overview,"Adjustments to income are reported on Schedule 1, Part II, which lists each specific adjustment a taxpayer can claim, such as IRA contributions, student loan interest, or self-employment tax deductions. The total from this section flows to Form 1040 and is subtracted from total income to arrive at AGI. Not every taxpayer will qualify for every adjustment, so this section only includes the ones that apply to their situation.","Adjustments are reported on Schedule 1, Part II|Each adjustment has its own line|The total transfers to Form 1040|Only applicable adjustments are entered"
371,Adjustments to Income,What Adjustments Are & How They Work,Easy,Assessment,2,Schedule 1 Part II Overview,"Know that Schedule 1, Part II is where individual adjustments to income are listed and totaled before that total moves to Form 1040.",
372,Adjustments to Income,What Adjustments Are & How They Work,Easy,Recovery,2,Schedule 1 Part II Overview,"Think of Schedule 1, Part II as an itemized shopping list of subtractions - each line is a specific adjustment, and the total at the bottom is what gets carried over to reduce income on the main form.",
373,Adjustments to Income,What Adjustments Are & How They Work,Medium,Standard,3,Why AGI Matters,"AGI is not just a step in the calculation - it directly controls whether a taxpayer qualifies for many other tax benefits and at what amount. Numerous credits and deductions, including certain education credits, retirement savings contributions credits, and medical expense deductions, phase out or are limited based on AGI or a modified version of it. Because of this, correctly claiming every adjustment a taxpayer is entitled to can have a ripple effect that unlocks additional tax benefits elsewhere on the return.",AGI affects eligibility for many credits and deductions|Some benefits phase out as AGI rises|Modified AGI is used for certain calculations|Claiming adjustments correctly can unlock other benefits
374,Adjustments to Income,What Adjustments Are & How They Work,Medium,Assessment,3,Why AGI Matters,"Remember that lowering AGI through adjustments can help a taxpayer qualify for other AGI-based credits and deductions, not just reduce taxable income directly.",
375,Adjustments to Income,What Adjustments Are & How They Work,Medium,Recovery,3,Why AGI Matters,"Think of AGI like a score that unlocks different levels in a game - a lower score can open doors to credits and deductions that a higher score would shut, so getting adjustments right matters beyond just the immediate subtraction.",
376,Adjustments to Income,What Adjustments Are & How They Work,Medium,Standard,4,Above-the-Line vs Below-the-Line,"Above-the-line deductions are the adjustments to income taken on Schedule 1 that reduce total income to reach AGI, and a taxpayer can claim them whether they itemize or take the standard deduction. Below-the-line deductions, by contrast, are the standard deduction or itemized deductions, which are subtracted from AGI to reach taxable income and require choosing one or the other. This distinction matters because above-the-line adjustments are generally more valuable and accessible since they are not tied to itemizing.",Above-the-line adjustments reduce total income to AGI|Available regardless of standard or itemized deduction choice|Below-the-line deductions reduce AGI to taxable income|Standard and itemized deductions cannot both be used
377,Adjustments to Income,What Adjustments Are & How They Work,Medium,Assessment,4,Above-the-Line vs Below-the-Line,"If a benefit is available no matter whether the taxpayer itemizes, it is an above-the-line adjustment; if it depends on itemizing, it is below the line.",
378,Adjustments to Income,What Adjustments Are & How They Work,Medium,Recovery,4,Above-the-Line vs Below-the-Line,"Think of the tax return as having a line drawn at AGI - adjustments sit above that line and help everyone equally, while the standard or itemized deduction sits below it and depends on which one the taxpayer picks.",
379,Adjustments to Income,Retirement & Self-Employment Related Adjustments,Medium,Standard,5,Traditional IRA Deduction as Adjustment,"Contributions to a traditional IRA can be deducted as an adjustment to income, directly reducing AGI rather than being itemized. The full deduction is generally available to taxpayers who are not covered by an employer retirement plan, while those who are covered may see the deduction limited or phased out based on income. A taxpayer's filing status and whether their spouse is covered by a workplace plan can also affect how much of the contribution is deductible.",Traditional IRA contributions can be an above-the-line deduction|Full deduction generally available without employer plan coverage|Coverage by a workplace plan can limit or phase out the deduction|Spousal coverage status can also matter
380,Adjustments to Income,Retirement & Self-Employment Related Adjustments,Medium,Assessment,5,Traditional IRA Deduction as Adjustment,Know that a traditional IRA deduction is taken on Schedule 1 and can be reduced or eliminated when the taxpayer or spouse is covered by an employer retirement plan and income is high enough.,
381,Adjustments to Income,Retirement & Self-Employment Related Adjustments,Medium,Recovery,5,Traditional IRA Deduction as Adjustment,"Think of the traditional IRA deduction as a reward for saving for retirement on your own - but if your employer is already helping you save through a workplace plan, the IRS scales back that reward as your income rises.",
382,Adjustments to Income,Retirement & Self-Employment Related Adjustments,Hard,Standard,6,IRA Deduction Phase-out with Retirement Plan Coverage,"When a taxpayer is an active participant in an employer retirement plan, their traditional IRA deduction phases out over a range of AGI, meaning the deductible amount shrinks gradually rather than disappearing all at once. If only the taxpayer's spouse is covered by a workplace plan and the taxpayer is not, a separate and generally more generous phase-out range applies to the taxpayer. Once AGI exceeds the top of the applicable range, no deduction is allowed, though a nondeductible contribution may still be possible.",Active plan participation triggers a phase-out range|Spouse-only coverage has its own separate range|Deduction shrinks gradually across the range rather than all at once|Above the range contributions may still be made but not deducted
383,Adjustments to Income,Retirement & Self-Employment Related Adjustments,Hard,Assessment,6,IRA Deduction Phase-out with Retirement Plan Coverage,"Remember there are two different phase-out ranges - one for a taxpayer who is themselves covered by a workplace plan, and a different, wider one for a taxpayer whose only connection to a plan is through a covered spouse.",
384,Adjustments to Income,Retirement & Self-Employment Related Adjustments,Hard,Recovery,6,IRA Deduction Phase-out with Retirement Plan Coverage,"Think of the phase-out range like a dimmer switch rather than an on-off switch - the deduction gradually fades as income rises through the range instead of cutting off suddenly, and the switch is set differently depending on whether it is the taxpayer or their spouse who has a workplace plan.",
385,Adjustments to Income,Retirement & Self-Employment Related Adjustments,Medium,Standard,7,Deducting One-Half of Self-Employment Tax,"Self-employed taxpayers pay both the employee and employer shares of Social Security and Medicare tax through self-employment tax, and as an adjustment to income they can deduct one-half of that self-employment tax on Schedule 1. This adjustment approximates the treatment an employee receives, since an employer's share of payroll tax is never included in an employee's taxable wages. The deduction reduces AGI but does not reduce the self-employment tax actually owed.",Half of self-employment tax is deductible as an adjustment|Mirrors how an employer's payroll tax share is not taxed to employees|Reduces AGI but not the self-employment tax itself|Calculated from Schedule SE and carried to Schedule 1
386,Adjustments to Income,Retirement & Self-Employment Related Adjustments,Medium,Assessment,7,Deducting One-Half of Self-Employment Tax,"Know that self-employed taxpayers deduct exactly one-half of their self-employment tax as an above-the-line adjustment, and this does not reduce the actual self-employment tax liability.",
387,Adjustments to Income,Retirement & Self-Employment Related Adjustments,Medium,Recovery,7,Deducting One-Half of Self-Employment Tax,"Think of this deduction as leveling the playing field - employees never pay tax on the employer's half of payroll tax, so self-employed taxpayers get to subtract that equivalent half from their income too.",
388,Adjustments to Income,Retirement & Self-Employment Related Adjustments,Medium,Standard,8,Self-Employed Retirement Plan Contributions,"Contributions a self-employed person makes to their own retirement plan, such as a SEP-IRA, a SIMPLE IRA, or a solo 401(k), are deductible as an adjustment to income. The deductible amount is generally tied to the taxpayer's net self-employment earnings, and the calculation accounts for the deduction for one-half of self-employment tax as well. These plans allow self-employed individuals to build retirement savings with tax treatment similar to what employees get through a workplace plan.","SEP, SIMPLE, and solo 401(k) contributions are above-the-line deductions|Deduction limit ties to net self-employment earnings|Calculation interacts with the self-employment tax deduction|Gives self-employed taxpayers retirement savings parity with employees"
389,Adjustments to Income,Retirement & Self-Employment Related Adjustments,Medium,Assessment,8,Self-Employed Retirement Plan Contributions,"Remember that a self-employed retirement plan contribution is an adjustment to income, and its deductible limit is based on net self-employment earnings, not gross receipts.",
390,Adjustments to Income,Retirement & Self-Employment Related Adjustments,Medium,Recovery,8,Self-Employed Retirement Plan Contributions,"Think of this deduction as the self-employed version of a workplace retirement plan - since there is no employer to set one up for them, the business owner sets one up for themselves and gets a similar above-the-line tax break for contributing.",
391,Adjustments to Income,Self-Employed Health Insurance Deduction,Medium,Standard,9,Self-Employed Health Insurance Deduction Basics,"A self-employed taxpayer can deduct the premiums paid for their own health insurance, as well as coverage for a spouse and dependents, as an adjustment to income rather than as an itemized medical expense. This deduction is only available if the taxpayer was not eligible to participate in a subsidized health plan through an employer, their own or their spouse's, for the months the deduction is claimed. Because it is above the line, it benefits the taxpayer regardless of whether they itemize.","Self-employed health insurance premiums are an above-the-line deduction|Covers the taxpayer, spouse, and dependents|Not allowed for months of eligibility for an employer-subsidized plan|Available whether or not the taxpayer itemizes"
392,Adjustments to Income,Self-Employed Health Insurance Deduction,Medium,Assessment,9,Self-Employed Health Insurance Deduction Basics,Know that the self-employed health insurance deduction is disallowed for any month the taxpayer or spouse was eligible for subsidized employer coverage.,
393,Adjustments to Income,Self-Employed Health Insurance Deduction,Medium,Recovery,9,Self-Employed Health Insurance Deduction Basics,"Think of this deduction as filling a gap - since a self-employed person has no employer offering subsidized health coverage, the tax code lets them deduct their own premiums instead, but only for the months that gap actually exists.",
394,Adjustments to Income,Self-Employed Health Insurance Deduction,Hard,Standard,10,Self-Employed Health Insurance Deduction Limits,"The self-employed health insurance deduction cannot exceed the net profit from the business for which the insurance plan was established, after subtracting the deduction for one-half of self-employment tax and any retirement plan contributions attributable to that business. If the business has a loss or minimal profit, the deduction may be limited or unavailable even though premiums were actually paid. The deduction also cannot be claimed for any month the taxpayer was eligible for other subsidized coverage.",Deduction is capped at the business's net profit tied to the plan|Net profit is reduced by the self-employment tax deduction and retirement contributions first|A business loss can eliminate the deduction entirely|Eligibility for other subsidized coverage blocks the deduction by month
395,Adjustments to Income,Self-Employed Health Insurance Deduction,Hard,Assessment,10,Self-Employed Health Insurance Deduction Limits,"Remember the deduction cannot exceed net self-employment income from that specific business after other related adjustments are subtracted, so a loss year can wipe out the deduction.",
396,Adjustments to Income,Self-Employed Health Insurance Deduction,Hard,Recovery,10,Self-Employed Health Insurance Deduction Limits,Think of this limit as a ceiling tied to how much the business actually earned - you cannot deduct more in health premiums than the business had left over in profit once its own tax adjustments are factored in.,
397,Adjustments to Income,Education-Related Adjustments,Easy,Standard,11,Student Loan Interest Deduction Basics,"Taxpayers who paid interest on a qualified student loan used for higher education expenses can deduct that interest as an adjustment to income, without needing to itemize. The loan must have been taken out for the taxpayer, their spouse, or a dependent at the time the debt was incurred, and the taxpayer cannot be claimed as a dependent on someone else's return. This deduction directly reduces AGI rather than being added to a list of itemized deductions.",Student loan interest is deducted above the line|Loan must have funded qualified higher education expenses|Available without itemizing|Taxpayer cannot be a dependent on another return
398,Adjustments to Income,Education-Related Adjustments,Easy,Assessment,11,Student Loan Interest Deduction Basics,"Know that student loan interest is an above-the-line adjustment, so it is available to taxpayers who take the standard deduction.",
399,Adjustments to Income,Education-Related Adjustments,Easy,Recovery,11,Student Loan Interest Deduction Basics,Think of this deduction as a direct discount on your income for the cost of borrowing to get an education - you do not need to itemize anything else to claim it.,
400,Adjustments to Income,Education-Related Adjustments,Medium,Standard,12,Student Loan Interest Phase-out Concept,"The student loan interest deduction phases out as modified AGI rises, and taxpayers above the top of the applicable range cannot claim any deduction at all. The deduction is also unavailable to a taxpayer using married filing separately status, regardless of income. Because the phase-out uses modified AGI, certain adjustments and exclusions are added back before determining whether the taxpayer qualifies.",Deduction phases out over a modified AGI range|No deduction above the top of that range|Married filing separately cannot claim the deduction|Modified AGI adds back certain items before testing eligibility
401,Adjustments to Income,Education-Related Adjustments,Medium,Assessment,12,Student Loan Interest Phase-out Concept,"Remember that married filing separately always disqualifies a taxpayer from the student loan interest deduction, no matter their income level.",
402,Adjustments to Income,Education-Related Adjustments,Medium,Recovery,12,Student Loan Interest Phase-out Concept,"Think of married filing separately as an automatic red light for this deduction - it does not matter how low the income is, that filing status alone blocks the deduction entirely.",
403,Adjustments to Income,Education-Related Adjustments,Easy,Standard,13,Educator Expense Deduction,"Eligible educators can deduct a portion of their unreimbursed out-of-pocket classroom expenses as an adjustment to income, without needing to itemize. To qualify, the taxpayer generally must work a minimum number of hours during the school year as a teacher, instructor, counselor, principal, or aide in a school that provides elementary or secondary education. This deduction is intended to offset costs educators commonly pay for out of their own pocket.",Educator expenses are deducted above the line|Must be an eligible educator working in a qualifying school|Minimum hours requirement applies during the school year|Offsets unreimbursed out-of-pocket classroom costs
404,Adjustments to Income,Education-Related Adjustments,Easy,Assessment,13,Educator Expense Deduction,Know that the educator expense deduction applies only to unreimbursed amounts and only for taxpayers who meet the minimum hours and role requirements at a qualifying school.,
405,Adjustments to Income,Education-Related Adjustments,Easy,Recovery,13,Educator Expense Deduction,Think of this deduction as a small thank-you from the tax code for teachers who dip into their own pockets for classroom supplies - it only covers what was not reimbursed.,
406,Adjustments to Income,Education-Related Adjustments,Hard,Standard,14,Qualified Expenses for Educator Deduction,"Qualified expenses for the educator deduction include books, supplies, classroom equipment, and supplementary materials used in the classroom, as well as certain professional development course expenses related to the curriculum taught. Expenses for nonathletic supplies for courses of instruction in health or physical education generally do not qualify unless connected to athletics in specific limited ways. If an educator's unreimbursed expenses exceed the deductible limit, the excess cannot be carried over or deducted elsewhere as an adjustment.","Books, supplies, and classroom equipment generally qualify|Certain professional development expenses can qualify|Nonathletic health or physical education supplies are generally excluded|Excess expenses beyond the limit are not carried over as an adjustment"
407,Adjustments to Income,Education-Related Adjustments,Hard,Assessment,14,Qualified Expenses for Educator Deduction,Remember that health and physical education supply purchases are generally excluded from the educator expense deduction unless they relate to athletics in a qualifying way.,
408,Adjustments to Income,Education-Related Adjustments,Hard,Recovery,14,Qualified Expenses for Educator Deduction,"Think of the qualifying list as centered on core classroom learning materials and relevant training - general PE supplies fall outside that core purpose, so the tax code generally leaves them out.",
409,Adjustments to Income,HSA Contribution Deduction as an Adjustment,Easy,Standard,15,HSA Deduction as Above-the-Line,"Contributions a taxpayer makes to their own Health Savings Account, outside of any made through payroll deduction by an employer, are deducted as an adjustment to income on Schedule 1. This means the deduction is available whether the taxpayer itemizes or takes the standard deduction. Contributions made through an employer's cafeteria plan are already excluded from wages and are not deducted again on Schedule 1.",Personal HSA contributions are an above-the-line deduction|Available regardless of itemizing|Employer payroll contributions are excluded from wages instead|Reported on Schedule 1 alongside Form 8889
410,Adjustments to Income,HSA Contribution Deduction as an Adjustment,Easy,Assessment,15,HSA Deduction as Above-the-Line,"Know that only HSA contributions made directly by the taxpayer, not through employer payroll, are deducted as an adjustment on Schedule 1.",
411,Adjustments to Income,HSA Contribution Deduction as an Adjustment,Easy,Recovery,15,HSA Deduction as Above-the-Line,"Think of it as two different paths to the same tax benefit - money your employer puts in never touches your taxable wages in the first place, while money you put in yourself gets subtracted later as an adjustment.",
412,Adjustments to Income,HSA Contribution Deduction as an Adjustment,Medium,Standard,16,HSA Deduction Mechanics on Schedule 1,"The HSA deduction is calculated on Form 8889, which determines the allowable contribution based on the taxpayer's coverage type and eligibility during the year, and the deductible amount then carries to Schedule 1 as an adjustment to income. Contributions in excess of the allowed amount are generally not deductible and can trigger additional tax if not corrected. The rules for who is eligible to contribute and how much are covered elsewhere, but the deduction itself always flows through as an above-the-line adjustment.",Form 8889 calculates the allowable HSA deduction|Amount carries to Schedule 1 as an adjustment|Excess contributions are generally not deductible|Deduction is above the line regardless of coverage type
413,Adjustments to Income,HSA Contribution Deduction as an Adjustment,Medium,Assessment,16,HSA Deduction Mechanics on Schedule 1,"Remember that Form 8889 feeds the HSA deduction amount into Schedule 1, and contributing more than allowed does not increase the deduction.",
414,Adjustments to Income,HSA Contribution Deduction as an Adjustment,Medium,Recovery,16,HSA Deduction Mechanics on Schedule 1,"Think of Form 8889 as the worksheet that does the math, and Schedule 1 as just the place that records the final answer as an adjustment to income.",
415,Adjustments to Income,Alimony & Other Adjustments,Medium,Standard,17,Alimony Pre-2019 Agreements,"For divorce or separation agreements executed before a specific 2019 cutoff, alimony payments remain deductible as an adjustment to income by the payer and must be included as taxable income by the recipient, under the old rules that still apply to those agreements. This treatment continues for the life of the agreement unless the parties later modify it and expressly adopt the new rules. Child support, by contrast, has never been deductible or taxable under either the old or new rules.",Pre-2019 agreements keep alimony deductible to the payer|Recipient must report alimony as taxable income under old rules|Old treatment continues unless the agreement is modified to adopt new rules|Child support is never deductible or taxable
416,Adjustments to Income,Alimony & Other Adjustments,Medium,Assessment,17,Alimony Pre-2019 Agreements,"Know that agreements from before the 2019 cutoff still follow old alimony rules, deductible to the payer and taxable to the recipient, unless later modified to adopt new treatment.",
417,Adjustments to Income,Alimony & Other Adjustments,Medium,Recovery,17,Alimony Pre-2019 Agreements,"Think of pre-2019 agreements as grandfathered in - they keep playing by the old rulebook where the payer gets a deduction and the recipient reports income, unless both sides agree to switch to the new rules.",
418,Adjustments to Income,Alimony & Other Adjustments,Hard,Standard,18,Alimony Post-2018 Agreements,"For divorce or separation agreements executed after the 2019 cutoff, alimony is no longer deductible by the payer as an adjustment to income, and the recipient no longer includes it as taxable income. This is a fundamental shift from the treatment of older agreements, and it means the same dollar amount of alimony has very different tax consequences depending solely on when the agreement was executed. A modification to an older agreement can also trigger the new treatment if the modification explicitly states that the new rules apply.",Post-2018 agreements make alimony non-deductible to the payer|Recipient does not report post-2018 alimony as income|Tax treatment depends on the execution date of the agreement|A modification can shift an old agreement to new treatment if it says so explicitly
419,Adjustments to Income,Alimony & Other Adjustments,Hard,Assessment,18,Alimony Post-2018 Agreements,"Remember that the alimony deduction hinges entirely on the agreement's execution date - after the 2019 cutoff, there is no deduction and no income inclusion at all.",
420,Adjustments to Income,Alimony & Other Adjustments,Hard,Recovery,18,Alimony Post-2018 Agreements,Think of the cutoff date as a dividing line in time - two people with identical alimony payments can have completely different tax outcomes depending only on which side of that line their agreement was signed.,
421,Adjustments to Income,Alimony & Other Adjustments,Medium,Standard,19,Penalty on Early Withdrawal of Savings,"When a taxpayer withdraws funds early from a time deposit account such as a certificate of deposit and forfeits interest as a penalty, that forfeited interest can be deducted as an adjustment to income. The full amount of interest earned is still reported as income, and the penalty is then subtracted separately as an adjustment, rather than netting the two together before reporting. This adjustment applies specifically to penalties imposed by the financial institution for early withdrawal, not to other kinds of investment losses.","Early withdrawal penalties on time deposits are deductible as an adjustment|Full interest earned is still reported as income first|Penalty is subtracted separately on Schedule 1|Applies to institutional early withdrawal penalties, not general investment losses"
422,Adjustments to Income,Alimony & Other Adjustments,Medium,Assessment,19,Penalty on Early Withdrawal of Savings,"Know that the interest is reported in full and the early withdrawal penalty is deducted separately as an adjustment, rather than reporting a net interest figure.",
423,Adjustments to Income,Alimony & Other Adjustments,Medium,Recovery,19,Penalty on Early Withdrawal of Savings,"Think of it as reporting the full paycheck first and then taking a separate deduction for the fee that came out of it, rather than just reporting the smaller amount left over.",
424,Adjustments to Income,Alimony & Other Adjustments,Easy,Standard,20,Moving Expenses for Armed Forces,"The deduction for moving expenses as an adjustment to income is generally suspended for most taxpayers, but an exception remains for active duty members of the Armed Forces who move due to a military order and a permanent change of station. These taxpayers can still deduct unreimbursed costs of moving themselves and their household goods. This is one of the few adjustment-to-income deductions still tied to a specific employment status rather than being generally available.",Moving expense deduction is suspended for most taxpayers|Active duty military with a permanent change of station remain eligible|Move must be due to a military order|Covers unreimbursed moving costs for the service member and household goods
425,Adjustments to Income,Alimony & Other Adjustments,Easy,Assessment,20,Moving Expenses for Armed Forces,Remember that the moving expense adjustment survives only for active duty military moving under orders for a permanent change of station.,
426,Adjustments to Income,Alimony & Other Adjustments,Easy,Recovery,20,Moving Expenses for Armed Forces,"Think of this as a narrow exception carved out just for service members - while almost everyone else lost this deduction, military moves under orders still get to use it.",
427,Health Savings Accounts,HDHP Eligibility Requirements,Easy,Standard,1,HDHP Coverage Requirement,"To contribute to an HSA, a taxpayer must be enrolled in a High Deductible Health Plan (HDHP) as their only health coverage. The HDHP must meet minimum deductible and maximum out-of-pocket thresholds set by the IRS each year. Simply having access to an HDHP is not enough - the taxpayer must actually be enrolled in it. This is the foundational eligibility test for HSA contributions.",HDHP enrollment is required to contribute to an HSA|HDHP must meet IRS deductible and out-of-pocket thresholds|Access alone is not enough - actual enrollment is required|This is the starting point for all HSA eligibility questions
428,Health Savings Accounts,HDHP Eligibility Requirements,Easy,Assessment,1,HDHP Coverage Requirement,HSA eligibility starts with actual enrollment in a qualifying HDHP - not just having one available.,
429,Health Savings Accounts,HDHP Eligibility Requirements,Easy,Recovery,1,HDHP Coverage Requirement,"Think of the HDHP requirement as the ticket you need just to walk into the HSA room - without that ticket (actual enrollment), none of the other HSA rules even come into play.",
430,Health Savings Accounts,HDHP Eligibility Requirements,Medium,Standard,2,Disqualifying Coverage,"A taxpayer otherwise eligible for an HSA becomes disqualified if they have other health coverage that pays medical costs before the HDHP deductible is met. Common disqualifying coverage includes enrollment in Medicare, coverage under a spouse's general-purpose Flexible Spending Account (FSA), or a second health plan that is not itself a qualifying HDHP. A limited-purpose FSA covering only dental or vision expenses does not disqualify HSA eligibility. Exam questions often test whether a taxpayer has picked up disqualifying coverage partway through the year.",Other first-dollar health coverage disqualifies HSA eligibility|Medicare enrollment disqualifies further HSA contributions|A spouse's general-purpose FSA can disqualify eligibility|Limited-purpose FSAs for dental or vision do not disqualify
431,Health Savings Accounts,HDHP Eligibility Requirements,Medium,Assessment,2,Disqualifying Coverage,Disqualifying coverage - like Medicare or a general-purpose FSA - cuts off HSA eligibility even if the taxpayer still has an HDHP.,
432,Health Savings Accounts,HDHP Eligibility Requirements,Medium,Recovery,2,Disqualifying Coverage,"Think of the HDHP as a gate that other coverage can quietly close - if a taxpayer also has a plan or FSA that pays medical bills before the HDHP deductible kicks in, that gate shuts and HSA contributions stop.",
433,Health Savings Accounts,Contribution Rules,Easy,Standard,3,Who Can Contribute,"HSA contributions can be made by the account holder, the account holder's employer, or both in the same year. All contributions from every source count together toward the same annual limit, so employer contributions reduce the amount the individual can still contribute. Family members can also contribute to a taxpayer's HSA on their behalf. Regardless of who makes the contribution, the account itself is always owned by the individual, not the employer.","Account holders, employers, or both can contribute|All contributions from every source share one annual limit|Employer contributions reduce the individual's remaining room|The HSA is always owned by the individual, not the employer"
434,Health Savings Accounts,Contribution Rules,Easy,Assessment,3,Who Can Contribute,"No matter who contributes - employee, employer, or a family member - all HSA contributions count toward one shared annual limit.",
435,Health Savings Accounts,Contribution Rules,Easy,Recovery,3,Who Can Contribute,"Think of the annual HSA limit as one bucket that everyone is pouring into - whether it's the employee, the employer, or a relative doing the pouring, once the bucket is full, no more can go in.",
436,Health Savings Accounts,Contribution Rules,Medium,Standard,4,Self-Only vs Family Coverage Limits,"The annual HSA contribution limit depends on whether the taxpayer's HDHP covers only themselves or covers their family. Family coverage carries a higher contribution limit than self-only coverage because it is meant to cover medical costs for more than one person. If a taxpayer's coverage type changes during the year, the limit is generally prorated based on the type and number of months of coverage held. Exam questions frequently test whether a taxpayer used the correct limit for their coverage type.",Contribution limits differ for self-only versus family HDHP coverage|Family coverage has a higher limit than self-only coverage|A mid-year coverage change generally prorates the limit|Using the wrong coverage-type limit is a common exam trap
437,Health Savings Accounts,Contribution Rules,Medium,Assessment,4,Self-Only vs Family Coverage Limits,"Family HDHP coverage allows a higher annual HSA contribution than self-only coverage, and a mid-year switch prorates the limit.",
438,Health Savings Accounts,Contribution Rules,Medium,Recovery,4,Self-Only vs Family Coverage Limits,Think of the limit as sized to the household it needs to cover - a family plan gets a bigger bucket than a self-only plan because it's meant to stretch across more people.,
439,Health Savings Accounts,Contribution Rules,Medium,Standard,5,Contribution Deduction and Deadline,"HSA contributions made by the individual are deductible above the line, meaning the taxpayer does not need to itemize to claim the benefit. This deduction is claimed directly on the individual return and reduces adjusted gross income. Contributions made by an employer through payroll are already excluded from wages and are not deducted again on the return. Like IRA contributions, HSA contributions for a given tax year can be made up until the tax filing deadline for that year, not December 31.","Individual HSA contributions are deductible above the line|No itemizing is required to claim the deduction|Employer payroll contributions are excluded from wages, not deducted again|Contributions can be made until the filing deadline for that tax year"
440,Health Savings Accounts,Contribution Rules,Medium,Assessment,5,Contribution Deduction and Deadline,"HSA contributions are an above-the-line deduction and can still be made after year-end, up until the filing deadline.",
441,Health Savings Accounts,Contribution Rules,Medium,Recovery,5,Contribution Deduction and Deadline,"Think of the HSA deduction like an IRA deduction - it doesn't require itemizing, and the taxpayer gets extra time after the calendar year ends, up to the filing deadline, to still make it count for that year.",
442,Health Savings Accounts,Qualified vs Non-Qualified Withdrawals,Easy,Standard,6,Qualified Medical Expense Withdrawals,"Withdrawals from an HSA are entirely tax-free when used to pay for qualified medical expenses. Qualified expenses generally include costs that would otherwise be deductible medical expenses, such as doctor visits, prescriptions, and many other out-of-pocket healthcare costs. The expense does not need to relate to the HDHP coverage itself - any qualified medical expense for the account holder, spouse, or dependents counts. This tax-free treatment is the main benefit that makes HSAs attractive.","Withdrawals for qualified medical expenses are completely tax-free|Qualified expenses generally mirror deductible medical expense rules|Expenses can be for the account holder, spouse, or dependents|Tax-free qualified withdrawals are the HSA's core benefit"
443,Health Savings Accounts,Qualified vs Non-Qualified Withdrawals,Easy,Assessment,6,Qualified Medical Expense Withdrawals,"Money taken out of an HSA for a qualified medical expense is never taxed, regardless of who in the family incurred the expense.",
444,Health Savings Accounts,Qualified vs Non-Qualified Withdrawals,Easy,Recovery,6,Qualified Medical Expense Withdrawals,Think of qualified withdrawals as simply reimbursing yourself tax-free for money you already had to spend on healthcare - the account is just passing that money through without the IRS taking a cut.,
445,Health Savings Accounts,Qualified vs Non-Qualified Withdrawals,Hard,Standard,7,Non-Qualified Withdrawals Before Medicare Eligibility Age,A withdrawal from an HSA that is not used for a qualified medical expense is included in the taxpayer's gross income and is also subject to an additional 20% tax. This additional tax applies as long as the withdrawal happens before the taxpayer reaches the age when they become eligible for Medicare. The additional tax exists specifically to discourage using HSA funds as a general-purpose savings account rather than for healthcare costs. Both the income tax and the additional tax apply in the same year the non-qualified withdrawal is taken.,Non-qualified withdrawals are included in gross income|An additional 20% tax also applies before Medicare eligibility age|The extra tax discourages using HSA funds for non-medical purposes|Both the income tax and additional tax hit in the same year
446,Health Savings Accounts,Qualified vs Non-Qualified Withdrawals,Hard,Assessment,7,Non-Qualified Withdrawals Before Medicare Eligibility Age,A non-qualified HSA withdrawal taken before Medicare eligibility age is taxed as income and hit with an extra 20% tax on top.,
447,Health Savings Accounts,Qualified vs Non-Qualified Withdrawals,Hard,Recovery,7,Non-Qualified Withdrawals Before Medicare Eligibility Age,"Think of the 20% additional tax as a penalty for breaking the HSA's healthcare-only promise early - take money out for something other than medical costs too soon, and the IRS adds a steep surcharge on top of the regular tax.",
448,Health Savings Accounts,Qualified vs Non-Qualified Withdrawals,Hard,Standard,8,Non-Qualified Withdrawals After Medicare Eligibility Age,"Once a taxpayer reaches the age when they become eligible for Medicare, the rules for non-qualified HSA withdrawals change significantly. Withdrawals used for non-medical purposes are still included in gross income and taxed as ordinary income, but the additional 20% tax no longer applies. This effectively lets the HSA function much like a traditional retirement account for non-medical spending later in life, while medical withdrawals remain completely tax-free at any age. This shift is a frequently tested distinction between HSA rules at different life stages.",Additional 20% tax no longer applies after Medicare eligibility age|Non-medical withdrawals are still taxed as ordinary income|Qualified medical withdrawals stay tax-free at any age|This late-life shift makes the HSA behave like a retirement account
449,Health Savings Accounts,Qualified vs Non-Qualified Withdrawals,Hard,Assessment,8,Non-Qualified Withdrawals After Medicare Eligibility Age,"After Medicare eligibility age, non-medical HSA withdrawals lose the 20% additional tax but are still ordinary taxable income.",
450,Health Savings Accounts,Qualified vs Non-Qualified Withdrawals,Hard,Recovery,8,Non-Qualified Withdrawals After Medicare Eligibility Age,"Think of reaching Medicare eligibility age as the HSA's penalty box door opening - the extra 20% surcharge goes away, but the withdrawal still shows up as ordinary income, much like pulling money from a traditional retirement account.",
451,Health Savings Accounts,HSA vs FSA and Other Features,Medium,Standard,9,No Use-It-or-Lose-It Rule,"Unlike a general-purpose Flexible Spending Account, an HSA has no use-it-or-lose-it rule. Any unused balance in an HSA at the end of the year simply carries over and remains available in future years. There is no deadline requiring the funds to be spent, and the account can continue to grow for as long as the taxpayer holds it. This is one of the clearest structural differences tested when comparing HSAs to FSAs.",HSAs have no use-it-or-lose-it deadline|Unused balances carry over automatically every year|Funds remain available indefinitely with no spending deadline|This is a key structural difference from general-purpose FSAs
452,Health Savings Accounts,HSA vs FSA and Other Features,Medium,Assessment,9,No Use-It-or-Lose-It Rule,"HSA balances roll over year after year with no forfeiture deadline, unlike a general-purpose FSA.",
453,Health Savings Accounts,HSA vs FSA and Other Features,Medium,Recovery,9,No Use-It-or-Lose-It Rule,"Think of an HSA balance like a savings account rather than a gift card with an expiration date - whatever is left at year-end just stays there, growing, for whenever it's actually needed.",
454,Health Savings Accounts,HSA vs FSA and Other Features,Medium,Standard,10,HSA Portability,"An HSA is owned entirely by the individual, not by the employer that may have helped fund it. Because of this, the account and its full balance stay with the taxpayer even after they change jobs, change health plans, or retire. There is no need to cash out or transfer the account when leaving an employer, since it was never employer property in the first place. This portability is another key feature that distinguishes HSAs from employer-controlled benefit accounts.","The individual, not the employer, owns the HSA|The account and balance stay with the taxpayer through job changes|No cash-out or forfeiture is required when leaving an employer|Portability is a key HSA feature that FSAs generally lack"
455,Health Savings Accounts,HSA vs FSA and Other Features,Medium,Assessment,10,HSA Portability,"Because the individual owns the HSA outright, the account travels with them through job and plan changes.",
456,Health Savings Accounts,HSA vs FSA and Other Features,Medium,Recovery,10,HSA Portability,"Think of an HSA as a personal suitcase rather than employer-issued equipment - it belongs to the taxpayer, so it goes wherever they go, job after job.",
457,Health Savings Accounts,HSA vs FSA and Other Features,Hard,Standard,11,Triple Tax Advantage,"The HSA is often described as offering a triple tax advantage, a concept that is frequently tested because it distinguishes HSAs from most other tax-favored accounts. First, contributions reduce taxable income, either through a direct deduction or through pre-tax payroll exclusion. Second, any growth inside the account, such as interest or investment earnings, is not taxed while it remains in the HSA. Third, withdrawals for qualified medical expenses are never taxed at all. No other common tax-advantaged account combines all three benefits in the same way.",Contributions reduce taxable income going in|Growth inside the account is not taxed while it stays there|Qualified withdrawals are never taxed coming out|No other common account combines all three tax benefits
458,Health Savings Accounts,HSA vs FSA and Other Features,Hard,Assessment,11,Triple Tax Advantage,"The triple tax advantage means HSA contributions, growth, and qualified withdrawals can all avoid tax - a combination unique among common accounts.",
459,Health Savings Accounts,HSA vs FSA and Other Features,Hard,Recovery,11,Triple Tax Advantage,"Think of the HSA as getting a tax break at every single stage of the money's journey - going in, growing inside, and coming back out for medical costs - which is rare compared to accounts that only offer a break at one or two of those stages.",
460,Deductions,Standard vs. Itemized Decision,Easy,Standard,1,Standard Deduction Basics,"The standard deduction is a fixed dollar amount set by filing status that a taxpayer can subtract from adjusted gross income without needing to track individual expenses. It is adjusted for inflation each year, so the exact amount changes annually, but the concept stays the same across tax years. Filing status - single, married filing jointly, married filing separately, or head of household - determines which standard deduction amount applies. Most taxpayers use the standard deduction because it is simpler and often larger than their allowable itemized deductions.",Fixed amount based on filing status|Adjusted annually for inflation|No need to track actual expenses|Used by the majority of taxpayers
461,Deductions,Standard vs. Itemized Decision,Easy,Assessment,1,Standard Deduction Basics,"The standard deduction is a preset amount tied to filing status that most taxpayers claim instead of itemizing, and it rises each year with inflation.",
462,Deductions,Standard vs. Itemized Decision,Easy,Recovery,1,Standard Deduction Basics,"Think of the standard deduction as a no-questions-asked discount the IRS offers everyone in a given filing status - you don't have to prove anything, you just take it.",
463,Deductions,Standard vs. Itemized Decision,Medium,Standard,2,Choosing Between Standard and Itemized,"A taxpayer must choose between taking the standard deduction or itemizing deductions on Schedule A - the two cannot be combined, and choosing one means giving up the other entirely. The general rule is to compare the total of allowable itemized deductions to the standard deduction amount for the taxpayer's filing status and claim whichever is larger. Some taxpayers are required to itemize regardless of the comparison, such as a married person filing separately whose spouse itemizes. Tax software and preparers typically run both calculations to confirm which method produces the lower tax liability.",Standard and itemized deductions are mutually exclusive|Compare totals and choose the larger amount|Married filing separately spouses must match each other's choice|Preparers typically calculate both to confirm the better option
464,Deductions,Standard vs. Itemized Decision,Medium,Assessment,2,Choosing Between Standard and Itemized,"Taxpayers pick either the standard deduction or itemized deductions, never both, and should choose whichever produces the larger deduction.",
465,Deductions,Standard vs. Itemized Decision,Medium,Recovery,2,Choosing Between Standard and Itemized,"Think of it like choosing between two coupons at checkout - you can only use one, so you pick whichever saves you more money.",
466,Deductions,Standard vs. Itemized Decision,Medium,Standard,3,Additional Standard Deduction for Age or Blindness,"Taxpayers who are age 65 or older, or who are blind, can claim an additional standard deduction amount on top of the regular standard deduction. This additional amount applies per qualifying condition, so a taxpayer who is both 65 or older and blind can claim two additional amounts, and married couples can each qualify separately. The additional amount differs depending on filing status, with unmarried taxpayers generally receiving a somewhat larger additional amount than married taxpayers. This benefit is only available to taxpayers who use the standard deduction; it does not apply when itemizing.","Extra amount added for age 65+ or blindness|Amounts can stack if both conditions apply|Each spouse can qualify independently on a joint return|Only available with the standard deduction, not itemizing"
467,Deductions,Standard vs. Itemized Decision,Medium,Assessment,3,Additional Standard Deduction for Age or Blindness,"Taxpayers who are 65 or older or blind get an extra standard deduction amount added to the regular standard deduction, and the extra amounts can stack.",
468,Deductions,Standard vs. Itemized Decision,Medium,Recovery,3,Additional Standard Deduction for Age or Blindness,"Think of it as a bonus add-on to the standard deduction coupon - being 65 or older, or blind, each earns you an extra discount stacked on top.",
469,Deductions,Schedule A Itemized Deductions,Medium,Standard,4,Medical and Dental Expense Deduction,"Unreimbursed medical and dental expenses can be deducted on Schedule A, but only the portion that exceeds a threshold based on a percentage of the taxpayer's adjusted gross income. This means taxpayers with lower medical costs relative to their income typically get no benefit from this deduction, since it only applies above the floor. Qualifying expenses include payments for diagnosis, treatment, prevention, and mitigation of disease, as well as amounts paid for insurance premiums not already deducted elsewhere. Expenses reimbursed by insurance or paid through a pretax account generally cannot be deducted again on Schedule A.","Only the amount above an AGI-based threshold is deductible|Threshold is a percentage of adjusted gross income|Covers diagnosis, treatment, and prevention costs|Reimbursed or pretax-paid expenses do not qualify"
470,Deductions,Schedule A Itemized Deductions,Medium,Assessment,4,Medical and Dental Expense Deduction,"Medical expenses are deductible on Schedule A only to the extent they exceed a set percentage of AGI, so smaller medical costs often produce no deduction at all.",
471,Deductions,Schedule A Itemized Deductions,Medium,Recovery,4,Medical and Dental Expense Deduction,Think of the AGI threshold as a deductible on an insurance policy - you have to clear that floor of expenses before anything counts toward your deduction.,
472,Deductions,Schedule A Itemized Deductions,Medium,Standard,5,State and Local Tax (SALT) Deduction,"The state and local tax deduction, commonly called SALT, allows itemizers to deduct state and local income or sales taxes along with property taxes paid during the year. Under current law, the total SALT deduction is capped at a set dollar limit regardless of how much was actually paid in state and local taxes. Taxpayers must choose between deducting state and local income taxes or state and local sales taxes - they cannot deduct both in the same year. The cap applies per return, meaning married couples filing separately each get only a portion of the total cap.","Combines state/local income or sales tax with property tax|Capped under current law regardless of actual amount paid|Choice between income tax or sales tax, not both|Cap is reduced for married filing separately"
473,Deductions,Schedule A Itemized Deductions,Medium,Assessment,5,State and Local Tax (SALT) Deduction,"SALT deductions combine state and local income or sales tax with property taxes, but the total is capped under current law no matter how much was actually paid.",
474,Deductions,Schedule A Itemized Deductions,Medium,Recovery,5,State and Local Tax (SALT) Deduction,"Think of the SALT cap as a lid on a jar - you can pour in more state and local taxes than the lid allows, but only what fits under the cap actually counts.",
475,Deductions,Schedule A Itemized Deductions,Medium,Standard,6,Home Mortgage Interest Deduction,"Interest paid on a mortgage used to buy, build, or substantially improve a qualified home can be deducted on Schedule A, but only on acquisition debt up to a set limit. Loans that predate current limits may be grandfathered under older, higher limits. Interest on home equity debt is only deductible if the loan proceeds were used to buy, build, or substantially improve the home securing the loan, not for other purposes like paying off credit cards. The deduction generally covers a taxpayer's main home and one additional qualified second home.",Applies to acquisition debt up to a capped loan amount|Older loans may be grandfathered under prior limits|Home equity interest only counts if used to buy or improve the home|Covers a main home and one qualified second home
476,Deductions,Schedule A Itemized Deductions,Medium,Assessment,6,Home Mortgage Interest Deduction,"Mortgage interest is deductible on acquisition debt up to a set cap, and home equity interest only qualifies if the loan funded buying or improving the home.",
477,Deductions,Schedule A Itemized Deductions,Medium,Recovery,6,Home Mortgage Interest Deduction,"Think of acquisition debt as money borrowed to get or upgrade the house itself - if the loan proceeds went toward something else entirely, the interest on that portion doesn't make the cut.",
478,Deductions,Schedule A Itemized Deductions,Hard,Standard,7,Charitable Contribution Deduction and AGI Limits,"Charitable contributions to qualified organizations are deductible on Schedule A, but the deduction is limited to a percentage of the taxpayer's adjusted gross income, with the exact percentage depending on the type of property donated and the type of organization receiving it. Cash contributions generally have a higher AGI limit than donations of appreciated property such as stock or real estate. Contributions that exceed the applicable AGI limit in a given year are not lost - they can generally be carried forward and deducted in future years, subject to a time limit. Taxpayers must also keep proper documentation, such as receipts or written acknowledgments, especially for larger contributions.","Limited to a percentage of AGI that varies by contribution type|Cash gifts generally allow a higher AGI limit than property gifts|Excess contributions can be carried forward within a time limit|Proper documentation is required, especially for larger gifts"
479,Deductions,Schedule A Itemized Deductions,Hard,Assessment,7,Charitable Contribution Deduction and AGI Limits,"Charitable deductions are capped at a percentage of AGI that depends on what was donated, and amounts over the limit can carry forward for a limited number of years.",
480,Deductions,Schedule A Itemized Deductions,Hard,Recovery,7,Charitable Contribution Deduction and AGI Limits,"Think of the AGI limit as a yearly ceiling on how much charitable giving you can use at once - anything above that ceiling doesn't disappear, it just waits in line for future years.",
481,Deductions,Schedule A Itemized Deductions,Hard,Standard,8,Casualty and Theft Loss Deduction,"Under current law, personal casualty and theft losses are only deductible on Schedule A if they occurred in an area officially declared a federal disaster by the President. This is a significant change from older rules that once allowed a deduction for a broader range of casualty losses, such as ordinary theft or accidental damage unrelated to a declared disaster. When a loss does qualify, the deductible amount is further reduced by any insurance reimbursement received and by statutory floors applied per event and based on AGI. Taxpayers should recognize that most personal casualty losses today are simply not deductible unless the federal disaster declaration requirement is met.",Deductible only for losses in a federally declared disaster area|Ordinary theft or accidental damage no longer qualifies alone|Insurance reimbursement reduces the deductible amount|Additional per-event and AGI-based floors also apply
482,Deductions,Schedule A Itemized Deductions,Hard,Assessment,8,Casualty and Theft Loss Deduction,"Personal casualty losses are deductible only when tied to a federally declared disaster, which rules out most everyday theft or accident losses under current law.",
483,Deductions,Schedule A Itemized Deductions,Hard,Recovery,8,Casualty and Theft Loss Deduction,"Think of the federal disaster declaration as a gatekeeper - without it, the loss simply doesn't get through the door onto Schedule A, no matter how real the damage was.",
484,Deductions,Schedule A Itemized Deductions,Easy,Standard,9,Schedule A Overview and Eliminated Miscellaneous Deductions,"Schedule A is the form used to report itemized deductions, and it organizes them into categories including medical expenses, taxes paid, interest paid, charitable gifts, and casualty losses. Under current law, miscellaneous itemized deductions subject to a floor based on AGI - such as unreimbursed employee business expenses and tax preparation fees - have been eliminated and can no longer be claimed. This means several deductions that were common on older returns simply are not available on Schedule A today. Understanding which categories still exist on the current Schedule A is essential for correctly identifying what a taxpayer can and cannot deduct.","Schedule A organizes itemized deductions into set categories|Categories include medical, taxes, interest, charity, and casualty losses|Miscellaneous itemized deductions subject to an AGI floor are eliminated|Older-style deductions like unreimbursed employee expenses no longer apply"
485,Deductions,Schedule A Itemized Deductions,Easy,Assessment,9,Schedule A Overview and Eliminated Miscellaneous Deductions,"Schedule A groups itemized deductions into categories, but miscellaneous deductions once subject to an AGI floor, like unreimbursed employee expenses, are no longer allowed under current law.",
486,Deductions,Schedule A Itemized Deductions,Easy,Recovery,9,Schedule A Overview and Eliminated Miscellaneous Deductions,Think of Schedule A as a form with fewer boxes than it used to have - some categories that used to have a line to fill in have simply been removed under current rules.,
487,Deductions,Qualified Business Income (QBI) Deduction,Medium,Standard,10,Qualified Business Income (QBI) Deduction Basics,"The qualified business income, or QBI, deduction allows owners of eligible pass-through businesses - such as sole proprietorships, partnerships, and S corporations - to deduct a portion of their qualified business income on their individual return. The deduction is generally based on qualified business income from the trade or business, up to a set percentage of that income. It is claimed below the line but does not require itemizing, meaning a taxpayer can take it along with either the standard deduction or itemized deductions. The deduction is designed to reduce the tax gap between pass-through business owners and corporations that receive a separate flat tax rate.",Available to owners of eligible pass-through businesses|Based on a portion of qualified business income|Can be claimed with either the standard or itemized deduction|Aims to balance treatment between pass-through owners and corporations
488,Deductions,Qualified Business Income (QBI) Deduction,Medium,Assessment,10,Qualified Business Income (QBI) Deduction Basics,"The QBI deduction lets eligible pass-through business owners deduct a share of their qualified business income, and it can be combined with either the standard or itemized deduction.",
489,Deductions,Qualified Business Income (QBI) Deduction,Medium,Recovery,10,Qualified Business Income (QBI) Deduction Basics,"Think of the QBI deduction as a special break just for business owners whose profits pass through to their personal return, separate entirely from the standard-versus-itemized choice.",
490,Deductions,Qualified Business Income (QBI) Deduction,Hard,Standard,11,QBI Limitations for Higher-Income Taxpayers,"The QBI deduction is subject to additional limitations once a taxpayer's taxable income rises above set thresholds that are adjusted annually. Above those thresholds, the deduction may be limited based on factors such as the amount of wages the business pays and the value of qualified property it holds, rather than simply a share of income. Certain service-based businesses, referred to as specified service trades or businesses, face even tighter restrictions and can lose the deduction entirely once income climbs high enough. These layered limitations mean that two business owners with the same qualified business income can end up with very different deduction amounts depending on their total taxable income and the type of business they run.",Extra limits apply above set taxable income thresholds|Wage and property factors can cap the deduction for higher earners|Specified service businesses face stricter phase-out rules|Same QBI can yield different deduction amounts by income and business type
491,Deductions,Qualified Business Income (QBI) Deduction,Hard,Assessment,11,QBI Limitations for Higher-Income Taxpayers,"Above certain taxable income thresholds, the QBI deduction gets limited by wage and property factors, and specified service businesses can lose it entirely at high income levels.",
492,Deductions,Qualified Business Income (QBI) Deduction,Hard,Recovery,11,QBI Limitations for Higher-Income Taxpayers,"Think of it like a discount that shrinks the more a shopper spends - past a certain income point, extra rules kick in and the QBI break gets smaller or disappears, especially for certain service businesses.",
493,Deductions,Above-the-Line vs. Below-the-Line Distinction,Easy,Standard,12,Above-the-Line Deductions and AGI,"Above-the-line deductions, also called adjustments to income, are subtracted from gross income to arrive at adjusted gross income, or AGI. These deductions are available to a taxpayer whether they take the standard deduction or itemize, since they are applied before that choice is even made. Common examples include contributions to a traditional retirement account, student loan interest, and educator expenses. Because they reduce AGI directly, above-the-line deductions are generally considered more valuable than deductions of the same size that only reduce taxable income later.","Subtracted from gross income to calculate AGI|Available regardless of standard or itemized deduction choice|Examples include retirement contributions and student loan interest|Reduce AGI directly, which can have added benefits"
494,Deductions,Above-the-Line vs. Below-the-Line Distinction,Easy,Assessment,12,Above-the-Line Deductions and AGI,Above-the-line deductions reduce gross income down to AGI and apply no matter which method a taxpayer later uses for the standard-versus-itemized choice.,
495,Deductions,Above-the-Line vs. Below-the-Line Distinction,Easy,Recovery,12,Above-the-Line Deductions and AGI,"Think of above-the-line deductions as adjustments made before the real math even starts - they lower your income first, before the standard-or-itemized decision comes into play at all.",
496,Deductions,Above-the-Line vs. Below-the-Line Distinction,Medium,Standard,13,Why the AGI Line Matters,"The distinction between above-the-line and below-the-line deductions matters because many other tax benefits are calculated using AGI or a modified version of it, so lowering AGI can unlock or increase eligibility for other credits and deductions. For example, the medical expense deduction threshold and certain other itemized deduction limits are based on a percentage of AGI, so a lower AGI can make more of those deductions usable. Some credits and deductions phase out as AGI rises, so an above-the-line deduction that reduces AGI can help a taxpayer stay under a phase-out threshold. Below-the-line deductions, by contrast, reduce taxable income only and have no effect on AGI-based calculations elsewhere on the return.",Many tax benefits are calculated using AGI as the base|Lower AGI can increase usable itemized deductions like medical expenses|Above-the-line deductions can help avoid income-based phase-outs|Below-the-line deductions do not affect AGI-based calculations elsewhere
497,Deductions,Above-the-Line vs. Below-the-Line Distinction,Medium,Assessment,13,Why the AGI Line Matters,"Because many credits and deduction limits are based on AGI, above-the-line deductions that lower AGI can have ripple effects that below-the-line deductions do not.",
498,Deductions,Above-the-Line vs. Below-the-Line Distinction,Medium,Recovery,13,Why the AGI Line Matters,"Think of AGI as a gatekeeper number that many other tax breaks check against - lowering it with an above-the-line deduction can open doors elsewhere on the return, while a below-the-line deduction never touches that gate.",
499,Tax Credits & Calculations,Credit Mechanics Basics,Easy,Standard,1,Nonrefundable vs Refundable Credits,"Tax credits fall into two broad categories: nonrefundable and refundable. A nonrefundable credit can reduce tax liability to zero but not below zero, so any excess is lost. A refundable credit can reduce tax below zero, with the remainder paid out as part of the taxpayer's refund. Knowing which category a credit falls into determines whether it can generate a refund on its own.",Nonrefundable credits can only reduce tax to zero|Refundable credits can produce a refund beyond tax owed|Excess nonrefundable credit is generally lost|Knowing the category tells you the credit's refund potential
500,Tax Credits & Calculations,Credit Mechanics Basics,Easy,Assessment,1,Nonrefundable vs Refundable Credits,"If a credit can reduce tax below zero and the difference is refunded, it is refundable; if it can only zero out tax owed, it is nonrefundable.",
501,Tax Credits & Calculations,Credit Mechanics Basics,Easy,Recovery,1,Nonrefundable vs Refundable Credits,"Think of a nonrefundable credit as a gift card that can only bring your bill to zero, while a refundable credit is like a gift card that pays you back the leftover balance in cash.",
502,Tax Credits & Calculations,Credit Mechanics Basics,Easy,Standard,2,"Credits Reduce Tax, Not Income","A tax credit reduces the tax liability itself, dollar for dollar, while a deduction reduces the amount of income subject to tax. Because of this difference, a credit of a given size is generally worth more than a deduction of the same size, since the deduction's value depends on the taxpayer's tax rate. Distinguishing credits from deductions is fundamental to understanding how different tax benefits affect the bottom line.",Credits reduce tax owed directly|Deductions reduce taxable income before tax is calculated|A credit is usually worth more than a same-size deduction|The deduction's value depends on the taxpayer's rate
503,Tax Credits & Calculations,Credit Mechanics Basics,Easy,Assessment,2,"Credits Reduce Tax, Not Income","A credit cuts the tax bill dollar for dollar, while a deduction only lowers the income the tax is calculated on.",
504,Tax Credits & Calculations,Credit Mechanics Basics,Easy,Recovery,2,"Credits Reduce Tax, Not Income","Think of a deduction as shrinking the pie before it is sliced and taxed, while a credit is cash taken straight off the final bill.",
505,Tax Credits & Calculations,Credit Mechanics Basics,Hard,Standard,3,Order of Applying Multiple Credits,"When a taxpayer qualifies for several credits, nonrefundable credits are generally applied against tax liability before refundable credits, and certain nonrefundable credits have their own ordering rules relative to one another. This ordering matters because some nonrefundable credits cannot exceed the tax liability remaining after other credits are applied, which can limit how much of a particular credit is usable in the current year. Understanding the general sequence helps explain why a taxpayer with multiple credits might not get the full benefit of every one immediately.",Multiple credits are applied in a specific sequence|Nonrefundable credits generally come before refundable ones in the calculation|Remaining tax liability limits how much of a nonrefundable credit is usable|Ordering can affect whether any nonrefundable credit is lost
506,Tax Credits & Calculations,Credit Mechanics Basics,Hard,Assessment,3,Order of Applying Multiple Credits,"When several credits apply, the order they are taken in can limit how much of a nonrefundable credit is actually usable that year.",
507,Tax Credits & Calculations,Credit Mechanics Basics,Hard,Recovery,3,Order of Applying Multiple Credits,Think of paying down tax owed like paying down a stack of bills - the order you apply payments can determine which bill still has a balance left at the end.,
508,Tax Credits & Calculations,Credit Mechanics Basics,Medium,Standard,4,Carryforward of Unused Nonrefundable Credits,"Some nonrefundable credits that exceed the current year's tax liability are not simply lost; instead, the unused portion can be carried forward to reduce tax in future years, subject to the specific rules for that credit. Not every nonrefundable credit allows carryforward, so it is important to know which ones do. This feature can soften the impact of the general rule that nonrefundable credits cannot create a refund in the year they are claimed.",Some nonrefundable credits allow unused amounts to carry forward|Carryforward rules vary by specific credit|Not all nonrefundable credits offer this feature|Carryforward can preserve credit value for future tax years
509,Tax Credits & Calculations,Credit Mechanics Basics,Medium,Assessment,4,Carryforward of Unused Nonrefundable Credits,"Certain nonrefundable credits let the unused amount carry forward to future years instead of being lost, but this depends on the specific credit.",
510,Tax Credits & Calculations,Credit Mechanics Basics,Medium,Recovery,4,Carryforward of Unused Nonrefundable Credits,"Think of a carryforward credit like a coupon that does not expire this year - if you cannot use the whole thing now, you can save the rest for next year's purchase.",
511,Tax Credits & Calculations,Child Tax Credit & Credit for Other Dependents,Medium,Standard,5,CTC Qualifying Child Requirements,"The Child Tax Credit requires the child to meet specific tests, including age, relationship, residency, support, and citizenship or resident status, in addition to being properly claimed as a dependent. The child must generally live with the taxpayer for more than half the year and not provide more than half of their own support. Meeting the dependent tests is necessary but not sufficient on its own - the child must also satisfy the additional criteria specific to this credit.","CTC has its own qualifying child tests beyond dependency|Age, relationship, residency, and support tests all apply|Child must generally live with the taxpayer over half the year|Being a dependent alone does not guarantee CTC eligibility"
512,Tax Credits & Calculations,Child Tax Credit & Credit for Other Dependents,Medium,Assessment,5,CTC Qualifying Child Requirements,"A child must meet CTC-specific age, relationship, residency, and support tests, not just the general dependency rules.",
513,Tax Credits & Calculations,Child Tax Credit & Credit for Other Dependents,Medium,Recovery,5,CTC Qualifying Child Requirements,Think of dependency as the entry ticket and the CTC tests as an additional checklist - passing one does not automatically mean you pass the other.,
514,Tax Credits & Calculations,Child Tax Credit & Credit for Other Dependents,Medium,Standard,6,CTC Phase-Out by Income,"The Child Tax Credit begins to phase out once the taxpayer's income exceeds a threshold that depends on filing status, reducing the available credit as income rises further above that point. This means higher-income taxpayers may receive a reduced credit or none at all, even if their child otherwise qualifies. The phase-out is calculated based on the amount of income above the threshold, not a sudden cutoff at one level.","CTC phases out above an income threshold that varies by filing status|The credit is reduced gradually as income rises, not eliminated at once|Higher-income taxpayers may receive a partial or no credit|Filing status affects where the phase-out threshold begins"
515,Tax Credits & Calculations,Child Tax Credit & Credit for Other Dependents,Medium,Assessment,6,CTC Phase-Out by Income,"Above a certain income level, the CTC is gradually reduced rather than cut off all at once, and the threshold depends on filing status.",
516,Tax Credits & Calculations,Child Tax Credit & Credit for Other Dependents,Medium,Recovery,6,CTC Phase-Out by Income,"Think of the phase-out like a dimmer switch rather than an on-off light switch - as income climbs past the threshold, the credit gradually fades rather than disappearing instantly.",
517,Tax Credits & Calculations,Child Tax Credit & Credit for Other Dependents,Hard,Standard,7,Additional Child Tax Credit,"The Additional Child Tax Credit is the refundable portion of the Child Tax Credit, available when the nonrefundable Child Tax Credit exceeds the taxpayer's tax liability. It allows a taxpayer to receive some or all of the remaining credit as a refund, calculated using a formula generally based on earned income above a floor amount. The refundable amount is limited, so it does not always equal the full unused Child Tax Credit.","ACTC is the refundable piece of the Child Tax Credit|Applies when CTC exceeds tax liability|Calculated using an earned income based formula|The refundable amount can be limited, not automatically the full leftover credit"
518,Tax Credits & Calculations,Child Tax Credit & Credit for Other Dependents,Hard,Assessment,7,Additional Child Tax Credit,"The ACTC lets a taxpayer recover part of an unused Child Tax Credit as a refund, based on an earned income formula, but the refundable amount is capped.",
519,Tax Credits & Calculations,Child Tax Credit & Credit for Other Dependents,Hard,Recovery,7,Additional Child Tax Credit,Think of the ACTC as a partial cash-back option on the leftover Child Tax Credit that a straight nonrefundable credit would otherwise waste.,
520,Tax Credits & Calculations,Child Tax Credit & Credit for Other Dependents,Easy,Standard,8,Credit for Other Dependents,"The Credit for Other Dependents applies to dependents who do not meet the Child Tax Credit's qualifying child requirements, such as older children, qualifying relatives, or dependents without the required relationship to claim the CTC. This credit is smaller than the Child Tax Credit and is entirely nonrefundable, meaning it cannot create a refund by itself. It allows taxpayers to still receive some benefit for dependents who fall outside the Child Tax Credit's rules.",Covers dependents who do not qualify for the Child Tax Credit|Includes older dependent children and qualifying relatives|Smaller in amount than the Child Tax Credit|Entirely nonrefundable
521,Tax Credits & Calculations,Child Tax Credit & Credit for Other Dependents,Easy,Assessment,8,Credit for Other Dependents,"Dependents who do not meet the CTC's qualifying child rules may still generate the smaller, nonrefundable Credit for Other Dependents.",
522,Tax Credits & Calculations,Child Tax Credit & Credit for Other Dependents,Easy,Recovery,8,Credit for Other Dependents,Think of this credit as a consolation benefit for dependents who almost qualify for the Child Tax Credit but fall just outside its specific rules.,
523,Tax Credits & Calculations,Child Tax Credit & Credit for Other Dependents,Medium,Standard,9,CTC Requires Valid SSN for Child,"To claim the Child Tax Credit, the qualifying child must have a valid Social Security Number issued before the return's due date, generally for work purposes. A child with only an Individual Taxpayer Identification Number does not qualify the taxpayer for the Child Tax Credit, though that dependent might still qualify for the Credit for Other Dependents. This SSN requirement is a common trap in credit eligibility questions.",Qualifying child needs a valid SSN for CTC purposes|SSN generally must be issued by the return's due date|An ITIN does not satisfy the CTC's SSN requirement|A child without a qualifying SSN may still qualify for the Credit for Other Dependents instead
524,Tax Credits & Calculations,Child Tax Credit & Credit for Other Dependents,Medium,Assessment,9,CTC Requires Valid SSN for Child,A child needs a valid work-eligible SSN to support the Child Tax Credit; an ITIN only supports the Credit for Other Dependents instead.,
525,Tax Credits & Calculations,Child Tax Credit & Credit for Other Dependents,Medium,Recovery,9,CTC Requires Valid SSN for Child,"Think of the SSN requirement as a specific key that only opens the Child Tax Credit door - an ITIN opens a different, smaller door instead.",
526,Tax Credits & Calculations,Earned Income Tax Credit,Medium,Standard,10,EITC Basic Eligibility Factors,"Eligibility for the Earned Income Tax Credit depends on having earned income, meeting income limits that vary with filing status and number of qualifying children, and satisfying rules on investment income, filing status, and valid Social Security Numbers for the taxpayer and any qualifying children. Taxpayers without qualifying children can still claim a smaller version of the credit if they meet age and residency requirements. Because so many factors interact, EITC eligibility often requires checking several conditions together rather than just one.",EITC requires earned income and staying under income limits|Limits vary by filing status and number of qualifying children|Investment income limits and valid SSNs also apply|Taxpayers without children can still qualify under separate rules
527,Tax Credits & Calculations,Earned Income Tax Credit,Medium,Assessment,10,EITC Basic Eligibility Factors,"EITC eligibility depends on earned income, filing status, number of qualifying children, investment income limits, and valid SSNs, all considered together.",
528,Tax Credits & Calculations,Earned Income Tax Credit,Medium,Recovery,10,EITC Basic Eligibility Factors,"Think of EITC eligibility like a combination lock - every factor has to line up together, not just one, before the credit unlocks.",
529,Tax Credits & Calculations,Earned Income Tax Credit,Easy,Standard,11,EITC Is Fully Refundable,"The Earned Income Tax Credit is fully refundable, meaning it can reduce tax liability below zero and generate a refund even for taxpayers who owe little or no tax. This makes it one of the most significant credits for lower-income working taxpayers, since it can result in a refund larger than any amount withheld or paid in in the first place. Its refundable nature is central to its purpose of supporting working individuals and families with modest incomes.",EITC is fully refundable|Can generate a refund even with little or no tax owed|Especially valuable for lower-income working taxpayers|Refund can exceed amounts withheld during the year
530,Tax Credits & Calculations,Earned Income Tax Credit,Easy,Assessment,11,EITC Is Fully Refundable,"EITC is fully refundable, so it can produce a refund even when the taxpayer owes little or no tax.",
531,Tax Credits & Calculations,Earned Income Tax Credit,Easy,Recovery,11,EITC Is Fully Refundable,"Think of the EITC as a benefit that can pay the taxpayer money back, not just erase a bill, which is what makes it so valuable for lower-income workers.",
532,Tax Credits & Calculations,Earned Income Tax Credit,Medium,Standard,12,MFS Generally Disqualifies from EITC,"Taxpayers who file as Married Filing Separately are generally not eligible for the Earned Income Tax Credit, with only a narrow exception for certain taxpayers who lived apart from their spouse for the required period and meet specific conditions. This makes filing status a critical threshold question before evaluating any other EITC eligibility factor. A tax preparer should check filing status first when EITC is in play, since it can eliminate eligibility regardless of income or children.",MFS generally disqualifies a taxpayer from claiming EITC|A narrow exception exists for certain taxpayers living apart from a spouse|Filing status should be checked before other EITC factors|Disqualification applies regardless of income or number of children
533,Tax Credits & Calculations,Earned Income Tax Credit,Medium,Assessment,12,MFS Generally Disqualifies from EITC,"Filing Married Filing Separately generally blocks EITC eligibility entirely, aside from a narrow living-apart exception.",
534,Tax Credits & Calculations,Earned Income Tax Credit,Medium,Recovery,12,MFS Generally Disqualifies from EITC,"Think of MFS as a locked gate in front of the EITC - only a specific, narrow exception opens it back up.",
535,Tax Credits & Calculations,Earned Income Tax Credit,Medium,Standard,13,EITC Amount Varies with Qualifying Children,"The amount of Earned Income Tax Credit a taxpayer can receive, as well as the income limits that apply, both increase with the number of qualifying children claimed, up to a maximum number of children recognized for the credit. Taxpayers with no qualifying children can still claim a much smaller credit if they meet separate age and other requirements. Because both the credit amount and income limits shift together, exam questions often test whether more children always means a bigger credit, which is generally true up to that maximum.",More qualifying children generally increases both the credit and the income limit|A maximum number of children is recognized for credit purposes|Taxpayers with no qualifying children can claim a smaller version|Credit amount and income limits move together based on children claimed
536,Tax Credits & Calculations,Earned Income Tax Credit,Medium,Assessment,13,EITC Amount Varies with Qualifying Children,"EITC amounts and income limits rise with the number of qualifying children, up to a recognized maximum, and a smaller credit is still available with no children.",
537,Tax Credits & Calculations,Earned Income Tax Credit,Medium,Recovery,13,EITC Amount Varies with Qualifying Children,"Think of the EITC like a tiered reward program - each additional qualifying child, up to a cap, unlocks a higher tier of benefit.",
538,Tax Credits & Calculations,Earned Income Tax Credit,Hard,Standard,14,EITC Investment Income Limit,"A taxpayer who otherwise qualifies for the Earned Income Tax Credit can still be disqualified if their investment income for the year exceeds a set limit, regardless of how low their earned income is. Investment income for this purpose generally includes items such as interest, dividends, and certain capital gains. This rule prevents taxpayers with substantial investment income from claiming a credit intended for working individuals and families with earned income, even if their wages alone would otherwise qualify them.","Excess investment income disqualifies a taxpayer from EITC regardless of earned income|Investment income generally includes interest, dividends, and certain capital gains|The limit applies even to otherwise low-income taxpayers|Designed to keep EITC targeted at earned income"
539,Tax Credits & Calculations,Earned Income Tax Credit,Hard,Assessment,14,EITC Investment Income Limit,Even a taxpayer with qualifying earned income and children can be disqualified from EITC if investment income exceeds the set limit.,
540,Tax Credits & Calculations,Earned Income Tax Credit,Hard,Recovery,14,EITC Investment Income Limit,Think of the investment income limit as a separate trip wire - clearing every other EITC hurdle does not matter if this one line is crossed.,
541,Tax Credits & Calculations,Education Credits,Medium,Standard,15,American Opportunity Tax Credit Basics,"The American Opportunity Tax Credit is a partially refundable education credit available for qualified expenses paid for an eligible student pursuing a degree or recognized credential, generally during the first years of postsecondary education. It covers a broader range of expenses than some other education benefits, including required course materials in addition to tuition and fees. Because part of it is refundable, it can benefit taxpayers even if their tax liability is otherwise low.","AOTC is a partially refundable education credit|Available for eligible students pursuing a degree or credential|Covers tuition, fees, and required course materials|Part of the credit is refundable even with low tax liability"
542,Tax Credits & Calculations,Education Credits,Medium,Assessment,15,American Opportunity Tax Credit Basics,"The AOTC is a partially refundable credit covering tuition, fees, and required materials for eligible degree-seeking students.",
543,Tax Credits & Calculations,Education Credits,Medium,Recovery,15,American Opportunity Tax Credit Basics,"Think of the AOTC as the more generous of the education credits, since it reaches further into course costs and can still help even when tax owed is low.",
544,Tax Credits & Calculations,Education Credits,Medium,Standard,16,AOTC Limited to First Four Years,"The American Opportunity Tax Credit can only be claimed for a limited number of years per eligible student, generally corresponding to the first four years of postsecondary education, and only if the student has not already completed that much coursework. Once a student has claimed the credit for the maximum number of years or has completed the relevant coursework, they are no longer eligible for the AOTC, though they may still qualify for the Lifetime Learning Credit. This year limitation is a key distinguishing feature from other education credits.",AOTC is limited to a set number of years per student|Generally corresponds to the first four years of postsecondary study|Not available once the student has completed that coursework or used up the years|Lifetime Learning Credit may still be available afterward
545,Tax Credits & Calculations,Education Credits,Medium,Assessment,16,AOTC Limited to First Four Years,"AOTC can only be claimed for a limited number of years per student, roughly the first four years of postsecondary education.",
546,Tax Credits & Calculations,Education Credits,Medium,Recovery,16,AOTC Limited to First Four Years,"Think of the AOTC as having an expiration tied to the student's early college years, after which the Lifetime Learning Credit becomes the fallback option.",
547,Tax Credits & Calculations,Education Credits,Medium,Standard,17,Lifetime Learning Credit Basics,"The Lifetime Learning Credit is a nonrefundable education credit available for qualified tuition and related expenses, with no limit on the number of years it can be claimed and no requirement that the student be pursuing a degree. It can cover undergraduate, graduate, and even courses taken to acquire or improve job skills, making it more flexible in some ways than the American Opportunity Tax Credit. Because it is entirely nonrefundable, it only benefits taxpayers who have tax liability to offset.",LLC is a nonrefundable education credit|No limit on the number of years it can be claimed|Does not require the student to pursue a degree|Covers a broad range of coursework including skill-building courses
548,Tax Credits & Calculations,Education Credits,Medium,Assessment,17,Lifetime Learning Credit Basics,"The Lifetime Learning Credit is nonrefundable but has no year limit and does not require degree pursuit, unlike the AOTC.",
549,Tax Credits & Calculations,Education Credits,Medium,Recovery,17,Lifetime Learning Credit Basics,"Think of the Lifetime Learning Credit as the flexible, no-expiration option for education costs, available even for a single class taken to build a skill.",
550,Tax Credits & Calculations,Education Credits,Hard,Standard,18,Cannot Double-Dip AOTC and LLC,"A taxpayer cannot claim both the American Opportunity Tax Credit and the Lifetime Learning Credit for the same student in the same tax year, even if that student has expenses that could otherwise qualify for either credit. However, if a taxpayer has multiple eligible students in the same year, one student's expenses could support the AOTC while a different student's expenses support the LLC. The same qualified expenses also cannot be used to claim more than one education tax benefit, even beyond just these two credits.",AOTC and LLC cannot both be claimed for the same student in the same year|Different students in the same household can use different credits|The same expenses cannot support more than one education benefit|Choosing between AOTC and LLC per student is a required decision each year
551,Tax Credits & Calculations,Education Credits,Hard,Assessment,18,Cannot Double-Dip AOTC and LLC,"For one student in one year, a taxpayer must choose between the AOTC and the LLC - never both - though different students can use different credits.",
552,Tax Credits & Calculations,Education Credits,Hard,Recovery,18,Cannot Double-Dip AOTC and LLC,"Think of each student as having one education-credit ticket per year - they can use it on the AOTC ride or the LLC ride, but not both at once.",
553,Tax Credits & Calculations,Education Credits,Medium,Standard,19,Qualified Education Expenses Concept,"Qualified education expenses generally include tuition and required fees paid to an eligible institution, but the definition can vary depending on which education benefit is being claimed. Room and board, transportation, and personal expenses generally do not count as qualified expenses for these credits, even though they are real costs of attending school. Understanding what counts as a qualified expense is essential, since claiming a credit based on the wrong expenses can lead to an incorrect credit amount.","Qualified expenses generally include tuition and required fees|Definition can vary somewhat by which credit is being claimed|Room, board, transportation, and personal costs generally do not qualify|Using the wrong expenses can produce an incorrect credit amount"
554,Tax Credits & Calculations,Education Credits,Medium,Assessment,19,Qualified Education Expenses Concept,"Qualified education expenses generally cover tuition and required fees, not living costs like room, board, or transportation.",
555,Tax Credits & Calculations,Education Credits,Medium,Recovery,19,Qualified Education Expenses Concept,"Think of qualified expenses as the classroom-and-course-related costs only - the everyday costs of simply being a student, like housing, are left out.",
556,Tax Credits & Calculations,Child and Dependent Care Credit,Medium,Standard,20,Work-Related Expense Test for Dependent Care Credit,"To claim the Child and Dependent Care Credit, the care expenses must be work-related, meaning they allow the taxpayer, and the taxpayer's spouse if filing jointly, to work or look for work. If a taxpayer is married, generally both spouses must have earned income, or one spouse must be a full-time student or incapable of self-care, for the expenses to qualify. Expenses paid so a taxpayer can simply have free time, rather than to enable work, do not meet this test.",Expenses must enable the taxpayer to work or look for work|Both spouses generally need earned income if married|A student or incapacitated spouse can substitute for the earned income requirement|Non-work-related care expenses do not qualify
557,Tax Credits & Calculations,Child and Dependent Care Credit,Medium,Assessment,20,Work-Related Expense Test for Dependent Care Credit,"Dependent care expenses must be incurred to allow the taxpayer, and spouse if applicable, to work or look for work, not just for general convenience.",
558,Tax Credits & Calculations,Child and Dependent Care Credit,Medium,Recovery,20,Work-Related Expense Test for Dependent Care Credit,"Think of the work-related test as asking one question - did this care make it possible to go earn a living - if not, it likely does not qualify.",
559,Tax Credits & Calculations,Child and Dependent Care Credit,Medium,Standard,21,Qualifying Person for Dependent Care Credit,"The Child and Dependent Care Credit requires care for a qualifying person, which generally includes a qualifying child under a certain age who is a dependent, or a spouse or other dependent who is physically or mentally incapable of self-care and lives with the taxpayer for more than half the year. The age and capability requirements distinguish this credit's definition of qualifying person from the general dependency rules used elsewhere. A dependent who does not meet these specific conditions cannot generate this credit even if properly claimed as a dependent.",Qualifying person includes a young dependent child under the credit's age limit|Can also include a spouse or dependent incapable of self-care|Incapable individuals must generally live with the taxpayer over half the year|Being a dependent generally is not enough on its own
560,Tax Credits & Calculations,Child and Dependent Care Credit,Medium,Assessment,21,Qualifying Person for Dependent Care Credit,"A qualifying person for this credit is generally a young dependent child, or a spouse or dependent unable to care for themselves and living with the taxpayer.",
561,Tax Credits & Calculations,Child and Dependent Care Credit,Medium,Recovery,21,Qualifying Person for Dependent Care Credit,Think of the qualifying person test as asking who genuinely needs supervision to be safely left in someone else's care while the taxpayer works.,
562,Tax Credits & Calculations,Child and Dependent Care Credit,Medium,Standard,22,Care Provider Requirements,"To claim the Child and Dependent Care Credit, the taxpayer must generally identify the care provider, including name, address, and taxpayer identification number, on the return. Payments to certain relatives, such as the taxpayer's spouse, the child's parent, or a dependent of the taxpayer, generally do not qualify even if that person actually provided the care. These identification and relationship rules are meant to prevent claiming the credit for informal arrangements that do not meet the credit's intent.","Care provider information must generally be reported on the return|Includes provider name, address, and taxpayer identification number|Payments to certain close relatives generally do not qualify|Rules prevent claiming the credit for informal, disqualified arrangements"
563,Tax Credits & Calculations,Child and Dependent Care Credit,Medium,Assessment,22,Care Provider Requirements,"The credit generally requires reporting the care provider's identifying information, and payments to certain close relatives do not qualify.",
564,Tax Credits & Calculations,Child and Dependent Care Credit,Medium,Recovery,22,Care Provider Requirements,"Think of the provider rules as requiring a paper trail to a real, qualifying caregiver, not just money handed to a family member who happened to babysit.",
565,Tax Credits & Calculations,Saver's Credit,Easy,Standard,23,Saver's Credit Purpose and Eligibility,"The Retirement Savings Contributions Credit, commonly called the Saver's Credit, rewards eligible lower- and moderate-income taxpayers for contributing to a retirement account such as an employer plan or an IRA. Eligibility depends on income staying under limits that vary by filing status, along with other requirements such as not being a full-time student and not being claimed as another taxpayer's dependent. The credit is designed to encourage retirement savings among taxpayers who might otherwise not have an incentive to contribute.",Saver's Credit rewards retirement contributions by lower and moderate income taxpayers|Eligibility depends on income limits that vary by filing status|Full-time students and dependents of another taxpayer do not qualify|Encourages retirement saving among modest-income taxpayers
566,Tax Credits & Calculations,Saver's Credit,Easy,Assessment,23,Saver's Credit Purpose and Eligibility,"The Saver's Credit rewards eligible lower- and moderate-income taxpayers for contributing to a retirement account, subject to income and other limits.",
567,Tax Credits & Calculations,Saver's Credit,Easy,Recovery,23,Saver's Credit Purpose and Eligibility,Think of the Saver's Credit as a thank-you bonus from the tax code for putting money into retirement savings when income is on the lower end.,
568,Tax Credits & Calculations,Saver's Credit,Easy,Standard,24,Saver's Credit Is Nonrefundable,"The Saver's Credit is entirely nonrefundable, meaning it can only reduce tax liability to zero and cannot generate a refund on its own. A taxpayer with little or no tax liability may see little or no benefit from this credit, even if their retirement contribution and income would otherwise make them eligible. This limits the credit's practical value for some of the very lowest-income taxpayers it might seem designed to help.",Saver's Credit is fully nonrefundable|Can only reduce tax liability to zero|No benefit is realized beyond eliminating tax owed|Very low tax liability can limit the credit's practical value
569,Tax Credits & Calculations,Saver's Credit,Easy,Assessment,24,Saver's Credit Is Nonrefundable,"Because the Saver's Credit is nonrefundable, it cannot benefit a taxpayer beyond zeroing out their tax liability.",
570,Tax Credits & Calculations,Saver's Credit,Easy,Recovery,24,Saver's Credit Is Nonrefundable,Think of the Saver's Credit as a discount that can only bring the bill down to zero - it cannot hand back extra money beyond that point.,
571,Tax Credits & Calculations,Foreign Tax Credit,Medium,Standard,25,Foreign Tax Credit Purpose,"The Foreign Tax Credit is designed to prevent double taxation on income that is taxed both by a foreign country and by the United States, by allowing a credit for foreign income taxes paid or accrued. Without this credit, a taxpayer with foreign-sourced income could effectively pay tax on the same income twice. The credit is generally subject to a limitation based on the proportion of the taxpayer's total tax attributable to foreign-source income.","FTC prevents double taxation on foreign-sourced income|Allows a credit for foreign income taxes paid or accrued|Without it, the same income could be taxed by two countries|Credit amount is generally limited based on foreign-source income proportion"
572,Tax Credits & Calculations,Foreign Tax Credit,Medium,Assessment,25,Foreign Tax Credit Purpose,"The Foreign Tax Credit exists to prevent the same foreign-sourced income from being taxed twice, by the foreign country and by the United States.",
573,Tax Credits & Calculations,Foreign Tax Credit,Medium,Recovery,25,Foreign Tax Credit Purpose,"Think of the Foreign Tax Credit as a refund for taxes already paid abroad, so the same dollar of income is not taxed twice by two different countries.",
574,Tax Credits & Calculations,Foreign Tax Credit,Hard,Standard,26,Foreign Tax Credit vs Itemized Deduction Choice,"A taxpayer who pays qualifying foreign income taxes can generally choose to either claim the Foreign Tax Credit or deduct those taxes as an itemized deduction, but not both for the same taxes. Claiming the credit is usually more valuable because it reduces tax dollar for dollar, while a deduction only reduces taxable income, but the choice can depend on the taxpayer's overall situation, including whether they itemize at all. This is a classic credit-versus-deduction tradeoff applied specifically to foreign taxes paid.",Taxpayer generally chooses between the FTC and an itemized deduction for the same foreign taxes|Cannot use both for the same taxes paid|Credit usually provides more value than a deduction|Choice can depend on whether the taxpayer itemizes and their overall tax situation
575,Tax Credits & Calculations,Foreign Tax Credit,Hard,Assessment,26,Foreign Tax Credit vs Itemized Deduction Choice,"Foreign income taxes can generally be claimed as either a credit or an itemized deduction, but not both, and the credit is usually more valuable.",
576,Tax Credits & Calculations,Foreign Tax Credit,Hard,Recovery,26,Foreign Tax Credit vs Itemized Deduction Choice,"Think of this as a fork in the road - the same foreign tax dollars can go down the credit path or the deduction path, but not travel both roads at once.",
577,Tax Credits & Calculations,Tax Computation Mechanics,Medium,Standard,27,Tax Tables vs Tax Computation Worksheet,"Taxpayers generally use the tax tables to look up their tax liability when taxable income falls below a certain amount, while taxpayers with taxable income above that amount use the Tax Computation Worksheet, which applies the tax rate schedules through a formula instead of a lookup table. Both methods should produce essentially the same result for a given income level and filing status, but the worksheet becomes necessary once income is too high for the table format to remain practical. Choosing the correct method matters for accurately determining tax liability.",Tax tables are used for taxable income below a set amount|Higher taxable income requires the Tax Computation Worksheet instead|The worksheet applies rate schedules through a formula|Both methods aim to produce consistent results for a given income level
578,Tax Credits & Calculations,Tax Computation Mechanics,Medium,Assessment,27,Tax Tables vs Tax Computation Worksheet,"Lower taxable income generally uses the tax tables, while higher taxable income requires the Tax Computation Worksheet formula instead.",
579,Tax Credits & Calculations,Tax Computation Mechanics,Medium,Recovery,27,Tax Tables vs Tax Computation Worksheet,"Think of the tax tables as a quick lookup chart for smaller numbers, while the worksheet is the formula you switch to once the numbers get too large for a simple chart.",
580,Tax Credits & Calculations,Tax Computation Mechanics,Hard,Standard,28,Marginal Tax Rate vs Effective Tax Rate,"The marginal tax rate is the rate applied to the last dollar of taxable income, based on the tax bracket that income falls into, while the effective tax rate is the taxpayer's total tax liability divided by their total taxable income, expressed as an overall average rate. Because the tax system is progressive, the effective rate is generally lower than the marginal rate, since not all income is taxed at the highest bracket the taxpayer reaches. Confusing these two rates is a common error, especially when taxpayers assume their entire income is taxed at their top bracket's rate.",Marginal rate applies to the last dollar of income earned|Effective rate is total tax divided by total taxable income|Effective rate is generally lower than the marginal rate|Not all income is taxed at the top bracket rate reached
581,Tax Credits & Calculations,Tax Computation Mechanics,Hard,Assessment,28,Marginal Tax Rate vs Effective Tax Rate,"The marginal rate applies only to the top slice of income, while the effective rate reflects the average rate paid across all income, and it is usually lower.",
582,Tax Credits & Calculations,Tax Computation Mechanics,Hard,Recovery,28,Marginal Tax Rate vs Effective Tax Rate,"Think of tax brackets like a layered cake - the marginal rate is the icing on just the top layer, while the effective rate is the average taste across every layer of the whole cake.",
583,Tax Credits & Calculations,Tax Computation Mechanics,Easy,Standard,29,Progressive Tax System Concept,"The United States uses a progressive federal income tax system, meaning that as taxable income increases, it is taxed at increasing rates applied in layers, or brackets, rather than one flat rate applying to all income. Each bracket's rate applies only to the portion of income that falls within that bracket, not to the taxpayer's entire income. This layered structure is the foundation for understanding why higher earners pay a higher marginal rate on their top dollars without their entire income being taxed at that rate.",Progressive system taxes income in increasing layered brackets|Higher income portions are taxed at higher rates|Each bracket rate applies only to income within that bracket|Entire income is not taxed at the top bracket's rate
584,Tax Credits & Calculations,Tax Computation Mechanics,Easy,Assessment,29,Progressive Tax System Concept,"A progressive tax system applies increasing rates to layered brackets of income, with each rate applying only to the income within that bracket.",
585,Tax Credits & Calculations,Tax Computation Mechanics,Easy,Recovery,29,Progressive Tax System Concept,"Think of tax brackets as a set of buckets that fill in order - each bucket has its own rate, and only the income that spills into a bucket gets taxed at that bucket's rate.",
586,Tax Credits & Calculations,Tax Computation Mechanics,Hard,Standard,30,Preferential Rates on Long-Term Capital Gains,"Long-term capital gains and qualified dividends are generally taxed at preferential rates that are lower than the ordinary income tax rates applied to wages and other regular income, with the applicable rate depending on the taxpayer's overall taxable income level. These preferential rates are calculated using a separate worksheet that layers the preferentially taxed income on top of ordinary income, rather than simply applying one flat rate to it. This structure means the same dollar of capital gain could be taxed at a different rate depending on how much other ordinary income the taxpayer has.","Long-term capital gains generally get preferential, lower tax rates|Rate depends on the taxpayer's overall taxable income level|Calculated using a separate worksheet layered on top of ordinary income|Same capital gain amount can be taxed differently depending on other income"
587,Tax Credits & Calculations,Tax Computation Mechanics,Hard,Assessment,30,Preferential Rates on Long-Term Capital Gains,"Long-term capital gains generally receive preferential rates below ordinary income rates, calculated using a worksheet that layers them on top of other income.",
588,Tax Credits & Calculations,Tax Computation Mechanics,Hard,Recovery,30,Preferential Rates on Long-Term Capital Gains,"Think of ordinary income as filling up the tax brackets first, with capital gains stacked on top and taxed at their own, often lower, separate rate.",
589,Tax Credits & Calculations,Tax Computation Mechanics,Medium,Standard,31,Qualified Dividends Taxed at Capital Gains Rates,"Qualified dividends are taxed at the same preferential rates as long-term capital gains, rather than at ordinary income tax rates, provided the dividend meets holding period and other requirements to be classified as qualified. Ordinary, or nonqualified, dividends are instead taxed at the taxpayer's regular ordinary income rates. Distinguishing qualified from nonqualified dividends is important because it directly affects which rate structure applies to that income.",Qualified dividends get the same preferential rates as long-term capital gains|Must meet holding period and other requirements to qualify|Nonqualified dividends are taxed at ordinary income rates|Classification of the dividend determines which rate applies
590,Tax Credits & Calculations,Tax Computation Mechanics,Medium,Assessment,31,Qualified Dividends Taxed at Capital Gains Rates,"Qualified dividends are taxed like long-term capital gains at preferential rates, while nonqualified dividends are taxed as ordinary income.",
591,Tax Credits & Calculations,Tax Computation Mechanics,Medium,Recovery,31,Qualified Dividends Taxed at Capital Gains Rates,"Think of qualified dividends as dividends that earned a discount ticket by meeting extra requirements, while nonqualified dividends pay full ordinary-rate price.",
592,Tax Credits & Calculations,Tax Computation Mechanics,Hard,Standard,32,Tax Liability Before vs After Credits,"Tax liability is first calculated using taxable income and the applicable rate structure, producing a figure often called tax before credits, and then nonrefundable and refundable credits are applied in sequence to arrive at the taxpayer's final tax liability or refund. Some credits and limitations are calculated based on this tax-before-credits figure, so the order of the calculation matters for determining how much of certain credits can actually be used. Understanding this sequence helps explain why credit limitations are often expressed relative to tax liability before certain other items are subtracted.",Tax before credits is calculated from taxable income and rates first|Credits are then applied in sequence to reach final liability|Some credit limitations are based on the tax-before-credits figure|Calculation order affects how much of certain credits can be used
593,Tax Credits & Calculations,Tax Computation Mechanics,Hard,Assessment,32,Tax Liability Before vs After Credits,"Tax before credits is computed first from taxable income, and credits are then applied afterward, with some credit limits tied to that pre-credit figure.",
594,Tax Credits & Calculations,Tax Computation Mechanics,Hard,Recovery,32,Tax Liability Before vs After Credits,"Think of tax before credits as the starting total on a receipt, with credits applied afterward as discounts - some discounts are even capped based on that original total.",
595,Tax Credits & Calculations,Estimated Tax & Underpayment Penalties,Medium,Standard,33,Who Must Pay Estimated Tax,"Taxpayers who expect to owe a certain amount of tax beyond what is covered by withholding, such as those with self-employment income, investment income, or other income not subject to withholding, are generally required to make estimated tax payments throughout the year. These payments are typically due in four installments across the year rather than as a single lump sum. Failing to make sufficient estimated payments when required can lead to a penalty even if the full amount owed is eventually paid.",Taxpayers with insufficient withholding may need to pay estimated tax|Common for self-employment and investment income not subject to withholding|Payments are generally due in quarterly installments|Insufficient estimated payments can lead to a penalty
596,Tax Credits & Calculations,Estimated Tax & Underpayment Penalties,Medium,Assessment,33,Who Must Pay Estimated Tax,"Taxpayers with income not covered by enough withholding, like self-employment or investment income, generally must make quarterly estimated tax payments.",
597,Tax Credits & Calculations,Estimated Tax & Underpayment Penalties,Medium,Recovery,33,Who Must Pay Estimated Tax,"Think of estimated tax payments as spreading the tax bill out through the year in installments, instead of one paycheck withholding covering it automatically.",
598,Tax Credits & Calculations,Estimated Tax & Underpayment Penalties,Hard,Standard,34,Underpayment Penalty Despite Paying in Full by Deadline,"A taxpayer can still owe an underpayment penalty even if they pay their full tax liability by the filing deadline, because the penalty is based on whether sufficient tax was paid throughout the year through withholding and timely estimated payments, not just by the end of the year. The penalty essentially compensates for the government not having use of the money when it was due during the year. This surprises many taxpayers who assume that paying in full by the deadline automatically avoids any penalty.","Paying in full by the deadline does not automatically avoid an underpayment penalty|Penalty is based on timely payment throughout the year, not just by year end|Applies when withholding and estimated payments were insufficient during the year|A common misconception is that a full on-time payment avoids penalties"
599,Tax Credits & Calculations,Estimated Tax & Underpayment Penalties,Hard,Assessment,34,Underpayment Penalty Despite Paying in Full by Deadline,Even a full payment by the filing deadline can trigger an underpayment penalty if tax was not paid evenly enough throughout the year.,
600,Tax Credits & Calculations,Estimated Tax & Underpayment Penalties,Hard,Recovery,34,Underpayment Penalty Despite Paying in Full by Deadline,"Think of it like a utility bill that charges a late fee for each month you underpaid, even if you eventually settle the whole balance at the end of the year.",
601,Tax Credits & Calculations,Estimated Tax & Underpayment Penalties,Medium,Standard,35,Safe Harbor for Estimated Tax Penalty,"Taxpayers can generally avoid the underpayment penalty by meeting a safe harbor, such as paying a sufficient percentage of the current year's tax liability or a sufficient percentage of the prior year's tax liability through withholding and timely estimated payments, whichever applies to their situation. The prior-year safe harbor can be especially useful for taxpayers with unpredictable current-year income, since it lets them base payments on a known, already-determined figure. Meeting a safe harbor generally avoids the penalty even if the taxpayer ultimately owes a balance when filing.",Safe harbor rules can help a taxpayer avoid the underpayment penalty|Based on paying enough relative to either current or prior year tax liability|Prior-year safe harbor helps with unpredictable current-year income|Meeting a safe harbor can avoid penalty even if a balance is still owed at filing
602,Tax Credits & Calculations,Estimated Tax & Underpayment Penalties,Medium,Assessment,35,Safe Harbor for Estimated Tax Penalty,"Meeting a safe harbor, based on current or prior year tax liability, generally protects a taxpayer from the underpayment penalty even if a balance is still due.",
603,Tax Credits & Calculations,Estimated Tax & Underpayment Penalties,Medium,Recovery,35,Safe Harbor for Estimated Tax Penalty,"Think of the safe harbor as a target you can aim for based on last year's known bill, so you are protected even if this year's income is hard to predict.",
604,Tax Credits & Calculations,Filing Status Impact on Credits,Medium,Standard,36,MFS Disqualifies from Multiple Credits,"Filing as Married Filing Separately restricts or eliminates eligibility for several tax credits beyond just the Earned Income Tax Credit, including generally disqualifying the taxpayer from education credits and often significantly limiting the Child and Dependent Care Credit. This makes MFS one of the most credit-unfriendly filing statuses, and it is a status that should prompt a preparer to specifically check credit eligibility rules before assuming any credit applies. Taxpayers considering MFS for other reasons should weigh this broad credit impact against whatever benefit prompted that filing status choice.","MFS restricts or eliminates eligibility for several credits, not only EITC|Education credits are generally unavailable when filing MFS|Child and Dependent Care Credit is often significantly limited under MFS|MFS is broadly one of the least credit-friendly filing statuses"
605,Tax Credits & Calculations,Filing Status Impact on Credits,Medium,Assessment,36,MFS Disqualifies from Multiple Credits,"Married Filing Separately broadly restricts eligibility for education credits, the dependent care credit, and EITC, not just one of these.",
606,Tax Credits & Calculations,Filing Status Impact on Credits,Medium,Recovery,36,MFS Disqualifies from Multiple Credits,"Think of MFS as closing several doors in the credit hallway at once, rather than just blocking a single credit.",
607,Tax Credits & Calculations,Filing Status Impact on Credits,Hard,Standard,37,Living Apart Exception for Dependent Care Credit,"A taxpayer who is technically still married may be treated as unmarried for purposes of the Child and Dependent Care Credit if they lived apart from their spouse for the last half of the year, maintained a home that was the main home of a qualifying child for more than half the year, and provided more than half the cost of maintaining that home. Meeting this exception allows the taxpayer to claim the credit despite the general limitations that apply to married taxpayers filing separately. This is a nuanced exception that exam questions often test by describing a taxpayer who is married but living apart with a qualifying child in the home.",Living apart from a spouse for the last half of the year can allow treatment as unmarried for this credit|Requires maintaining a home that is the main home of a qualifying child|Requires providing more than half the cost of maintaining that home|Meeting the exception bypasses the usual limits on married taxpayers filing separately
608,Tax Credits & Calculations,Filing Status Impact on Credits,Hard,Assessment,37,Living Apart Exception for Dependent Care Credit,"A married taxpayer living apart from their spouse for the last half of the year, with a qualifying child at home they mostly support, may be treated as unmarried for this credit.",
609,Tax Credits & Calculations,Filing Status Impact on Credits,Hard,Recovery,37,Living Apart Exception for Dependent Care Credit,Think of this exception as recognizing that a taxpayer who is legally married but functionally living and parenting alone should not be boxed in by rules meant for spouses living together.,
610,Residency & Multi-State Filing,"Resident, Nonresident & Part-Year Filing",Easy,Standard,1,Resident Return Basics,"A full-year resident return is filed by a taxpayer who was domiciled in or maintained a permanent home in that state for the entire tax year. A full-year resident is generally taxed by that state on all income earned during the year, regardless of where the income was earned or its source. This differs sharply from nonresident treatment, which taxes only income connected to that state. Filing status for federal purposes carries over to the state return, but residency status is determined separately under each state's own rules.","Full-year resident lived in or was domiciled in the state all year|Resident states generally tax all income, regardless of source|Residency is determined separately from federal filing status|Contrasts with nonresident, source-only taxation"
611,Residency & Multi-State Filing,"Resident, Nonresident & Part-Year Filing",Easy,Assessment,1,Resident Return Basics,"A full-year resident return means the state taxes all of the taxpayer's income for the year, no matter where that income was earned.",
612,Residency & Multi-State Filing,"Resident, Nonresident & Part-Year Filing",Easy,Recovery,1,Resident Return Basics,"Think of full-year residency like a home country for tax purposes - once a state claims you as a full-year resident, it wants a share of everything you earned that year, not just what you earned inside its borders.",
613,Residency & Multi-State Filing,"Resident, Nonresident & Part-Year Filing",Easy,Standard,2,Nonresident Return Basics,"A nonresident return is filed by a taxpayer who was not domiciled in or a resident of a given state during the tax year but received income sourced to that state, such as wages from work performed there or income from property located there. A nonresident state generally taxes only the income connected to that state's borders, not the taxpayer's full income for the year. Nonresident filing requirements are usually triggered once income from that state passes a minimum filing threshold set by that state's own tax rules. A taxpayer can be a resident of one state and a nonresident of several others in the same year if they earned income across state lines.","Nonresident return covers only income sourced to that state|Filed by someone who is not domiciled or resident there|Triggered by state-sourced wages, property, or business income|A taxpayer can file as nonresident in multiple states in one year"
614,Residency & Multi-State Filing,"Resident, Nonresident & Part-Year Filing",Easy,Assessment,2,Nonresident Return Basics,"A nonresident return only taxes the portion of income connected to that particular state, not the taxpayer's total income for the year.",
615,Residency & Multi-State Filing,"Resident, Nonresident & Part-Year Filing",Easy,Recovery,2,Nonresident Return Basics,"Think of a nonresident return as a toll charged only for the income that passed through that state's borders - the state isn't trying to tax everything you made everywhere, just its own slice.",
616,Residency & Multi-State Filing,"Resident, Nonresident & Part-Year Filing",Medium,Standard,3,Part-Year Resident Returns,"A part-year resident return applies to a taxpayer who moved into or out of a state partway through the tax year, changing their domicile or residency status during that year. The taxpayer generally reports all income earned while they were a resident of that state, plus any state-sourced income earned during the portion of the year they were a nonresident. Most states require the return to show an allocation between the resident period and the nonresident period, often using separate columns or schedules. Getting the split date right matters, since it determines which income falls under full taxation versus source-only taxation.",Filed when residency changes mid-year due to a move|Resident-period income is fully taxed by that state|Nonresident-period income is taxed only if state-sourced|Requires allocating income between the two periods
617,Residency & Multi-State Filing,"Resident, Nonresident & Part-Year Filing",Medium,Assessment,3,Part-Year Resident Returns,"A part-year resident return splits the tax year into a resident period and a nonresident period, taxing each portion under its own rules.",
618,Residency & Multi-State Filing,"Resident, Nonresident & Part-Year Filing",Medium,Recovery,3,Part-Year Resident Returns,"Think of a part-year return as two mini-returns stitched together - one for the months you lived there, taxed on everything, and one for the months you didn't, taxed only on what came from that state.",
619,Residency & Multi-State Filing,"Resident, Nonresident & Part-Year Filing",Medium,Standard,4,Choosing the Right Return Type,"Determining which return type applies starts with pinpointing when domicile changed, if at all, and then checking whether any income was sourced to a state where the taxpayer was not a resident. A taxpayer who never changed domicile and earned income in only one state usually needs just a single full-year resident return. A taxpayer who moved during the year needs a part-year resident return for the state they left and often another part-year return for the state they moved into, covering the same overlapping year in two pieces. Overlooking a nonresident filing requirement is a common error when a taxpayer works across a state line but never actually moved.",Start by identifying whether and when domicile changed|Single-state earners with no move usually need only one resident return|A move mid-year can require two part-year resident returns|Working across a state line can trigger a nonresident filing even without moving
620,Residency & Multi-State Filing,"Resident, Nonresident & Part-Year Filing",Medium,Assessment,4,Choosing the Right Return Type,Choosing the correct return type depends on whether domicile changed during the year and whether any income was sourced to a state where the taxpayer wasn't a resident.,
621,Residency & Multi-State Filing,"Resident, Nonresident & Part-Year Filing",Medium,Recovery,4,Choosing the Right Return Type,"Think of it like sorting mail into the right mailbox - first figure out where the taxpayer actually lived and when, then check for any income that needs to be routed to a different state's mailbox too.",
622,Residency & Multi-State Filing,Domicile vs. Physical Presence,Medium,Standard,5,Domicile vs. Physical Presence,"Domicile is the legal concept of a person's true, permanent home - the place they intend to return to whenever they are away - and it is what most states use to determine full residency status. Physical presence simply means being physically located in a state, which can happen for reasons that have nothing to do with domicile, such as a temporary job assignment or an extended vacation. A person can be physically present in a state for a long stretch without ever establishing domicile there, and conversely can be domiciled in a state while spending very little time physically present in it. Because domicile reflects intent as well as physical facts, it generally does not change automatically just because someone is temporarily living elsewhere.","Domicile is the legal permanent home; presence is just physical location|Domicile reflects intent to return, not just time spent|Temporary presence does not automatically create or end domicile|A taxpayer can be domiciled somewhere while rarely being physically there"
623,Residency & Multi-State Filing,Domicile vs. Physical Presence,Medium,Assessment,5,Domicile vs. Physical Presence,"Domicile is about a taxpayer's true permanent home and intent, while physical presence is simply about where they happen to be located.",
624,Residency & Multi-State Filing,Domicile vs. Physical Presence,Medium,Recovery,5,Domicile vs. Physical Presence,"Think of domicile as where your heart lives and physical presence as where your body happens to be standing today - the two don't always match, and it's usually the heart's address that wins for tax purposes.",
625,Residency & Multi-State Filing,Domicile vs. Physical Presence,Hard,Standard,6,Factors That Establish Domicile,"Because a person can have only one domicile at a time, states look at a combination of objective factors to determine where it is when a taxpayer's situation is ambiguous, such as where they are registered to vote, where their driver's license was issued, the location of their primary home, and where family members reside. No single factor is automatically controlling, and states generally weigh the overall pattern of a taxpayer's life rather than any one document. Domicile continues at the old location until it is abandoned there and clearly established at a new one - simply leaving is not enough without evidence of establishing a new permanent home. Disputes over domicile often arise when a taxpayer keeps strong ties to a former state, such as property or a spouse remaining there, while claiming a new domicile elsewhere.","A taxpayer can have only one domicile at a time|States weigh factors like voter registration, license, home, and family location|No single factor alone decides domicile|Old domicile persists until clearly abandoned and replaced"
626,Residency & Multi-State Filing,Domicile vs. Physical Presence,Hard,Assessment,6,Factors That Establish Domicile,"Because only one domicile can exist at a time, states weigh multiple lifestyle factors together rather than relying on any single piece of evidence to decide where it is.",
627,Residency & Multi-State Filing,Domicile vs. Physical Presence,Hard,Recovery,6,Factors That Establish Domicile,"Think of domicile like a compass needle that can only point one direction at once - a state looks at everything pulling on that needle, like where you vote, where your family lives, and where your house is, to see which way it's really pointing.",
628,Residency & Multi-State Filing,Reciprocity Agreements,Easy,Standard,7,Reciprocity Agreements Overview,"A reciprocity agreement is an arrangement between two neighboring states allowing a resident of one state who works in the other to pay income tax only to their resident state on those wages, rather than to both states. These agreements exist to simplify tax filing for people who commute across a nearby state line for work on a regular basis. Reciprocity generally applies only to wage and salary income, not to other types of income like business earnings or rental income from the nonresident state. Not every pair of neighboring states has a reciprocity agreement, so the rule cannot be assumed just because someone commutes across a border.","Reciprocity lets a resident be taxed only by their home state on wages earned next door|Designed for people who commute across a nearby state line|Generally applies to wages only, not other income types|Only some neighboring state pairs actually have an agreement"
629,Residency & Multi-State Filing,Reciprocity Agreements,Easy,Assessment,7,Reciprocity Agreements Overview,A reciprocity agreement lets a taxpayer who commutes to work in a neighboring state pay income tax on those wages only to their resident state.,
630,Residency & Multi-State Filing,Reciprocity Agreements,Easy,Recovery,7,Reciprocity Agreements Overview,"Think of reciprocity like a handshake deal between two neighboring states - they agree not to double-charge a commuter's wages, so the paycheck only gets taxed once, by the state the worker actually lives in.",
631,Residency & Multi-State Filing,Reciprocity Agreements,Medium,Standard,8,Claiming Reciprocity Exemption,"To take advantage of a reciprocity agreement, an employee generally must file an exemption certificate with their employer, telling the employer not to withhold income tax for the work-location state. Without that form on file, the employer may default to withholding for the state where the job is physically located, even though reciprocity would otherwise apply. If withholding was taken incorrectly for the nonresident state despite reciprocity, the employee typically must file a return for that state solely to claim a refund of the wrongly withheld tax. Filing the exemption form promptly avoids this extra filing burden and keeps take-home pay accurate throughout the year.","Reciprocity requires filing an exemption form with the employer|Without the form, the employer may withhold for the work-location state|Wrongly withheld tax generally requires a nonresident return just to get it refunded|Filing the form early prevents unnecessary withholding and extra filings"
632,Residency & Multi-State Filing,Reciprocity Agreements,Medium,Assessment,8,Claiming Reciprocity Exemption,"Claiming reciprocity requires the employee to file an exemption certificate with the employer, or else withholding may still be taken for the work-location state.",
633,Residency & Multi-State Filing,Reciprocity Agreements,Medium,Recovery,8,Claiming Reciprocity Exemption,"Think of the exemption form as an opt-out slip - without turning it in, the employer keeps withholding by default for the state where the office sits, even though the reciprocity deal says it shouldn't have to.",
634,Residency & Multi-State Filing,Credit for Taxes Paid to Another State,Medium,Standard,9,Credit for Taxes Paid to Another State - Purpose,"When a taxpayer's resident state taxes all of their income but a portion of that same income was also taxed by a nonresident state as its source, a credit for taxes paid to another state prevents that income from being taxed twice. The taxpayer's resident state generally allows a credit against its own tax for some or all of the tax paid to the nonresident state on the overlapping income. This credit exists because the resident state taxes worldwide income while the nonresident state taxes only its own source income, creating an overlap that would otherwise be double taxation. Without this credit, someone who works across a state line could end up paying full tax on the same dollars to two different states.",Prevents double taxation of income taxed by two states|Resident state gives credit for tax paid to the nonresident source state|Overlap happens because one state taxes worldwide income and the other taxes source income only|Credit is claimed on the resident state return
635,Residency & Multi-State Filing,Credit for Taxes Paid to Another State,Medium,Assessment,9,Credit for Taxes Paid to Another State - Purpose,"The credit for taxes paid to another state prevents the same income from being fully taxed twice, once by the resident state and once by the nonresident source state.",
636,Residency & Multi-State Filing,Credit for Taxes Paid to Another State,Medium,Recovery,9,Credit for Taxes Paid to Another State - Purpose,"Think of it like getting credit for tax you already paid elsewhere - your home state still counts that income, but it gives you credit for what you already paid another state on it, so you're not billed twice for the same dollars.",
637,Residency & Multi-State Filing,Credit for Taxes Paid to Another State,Hard,Standard,10,Credit for Taxes Paid to Another State - Mechanics,"The credit for taxes paid to another state is generally limited to the amount of tax the resident state itself would have charged on that same income, not the full amount actually paid to the other state. This means if the nonresident state's tax rate on that income is higher than the resident state's rate, the taxpayer may still end up paying more overall, since the credit cannot exceed the resident state's own tax on that income. The credit is typically calculated on a separate schedule attached to the resident return and requires a copy of the nonresident return as support. Because the credit only applies to income taxed by both states, income that was never taxed by the nonresident state at all does not generate any credit.","Credit is capped at what the resident state would have charged on that income|A higher nonresident tax rate can still leave a taxpayer paying more overall|Calculated on a separate schedule, usually requiring a copy of the other return|Only applies to income actually taxed by both states"
638,Residency & Multi-State Filing,Credit for Taxes Paid to Another State,Hard,Assessment,10,Credit for Taxes Paid to Another State - Mechanics,"The credit is capped at the resident state's own tax on the overlapping income, so a higher-taxing nonresident state can still leave the taxpayer with some extra cost.",
639,Residency & Multi-State Filing,Credit for Taxes Paid to Another State,Hard,Recovery,10,Credit for Taxes Paid to Another State - Mechanics,"Think of the credit as a refund up to a ceiling - your home state will only credit back as much as it would have charged in the first place, so if the other state charged more, that extra amount isn't covered.",
640,Residency & Multi-State Filing,Remote Work & Multi-State Sourcing,Medium,Standard,11,Remote Work and State Tax Nexus,"A remote worker's state tax obligations generally follow where the work is actually and physically performed, not where the employer's office is located. If an employee works from home in one state for a company headquartered in another, the employee's resident state is typically the one with primary taxing authority over those wages. However, if the employee occasionally travels to work at the employer's office in a different state, that other state may also gain a source-based claim to the wages earned during those in-office days. This makes tracking the physical location of remote work throughout the year important for determining exactly which states have a legitimate claim to tax it.",Tax obligations generally follow the physical location where work is performed|Employer's headquarters location does not by itself create tax obligations|Occasional in-office days can create a source-based claim in another state|Tracking physical work location matters for multi-state remote workers
641,Residency & Multi-State Filing,Remote Work & Multi-State Sourcing,Medium,Assessment,11,Remote Work and State Tax Nexus,"A remote worker's state tax obligations generally follow the physical location where the work is actually performed, not the employer's office location.",
642,Residency & Multi-State Filing,Remote Work & Multi-State Sourcing,Medium,Recovery,11,Remote Work and State Tax Nexus,"Think of it like a delivery address for tax purposes - the tax generally goes to wherever the work physically happened, not to the state where the company's front door happens to be.",
643,Residency & Multi-State Filing,Remote Work & Multi-State Sourcing,Medium,Standard,12,Employer State vs. Physical Work Location,"Confusion often arises because payroll withholding is sometimes set up based on the employer's registered work location rather than where the employee is actually sitting day to day, especially when a company is new to having remote employees. This can lead to a mismatch where tax is withheld for one state all year, but the employee's actual filing obligation turns out to belong to a different state based on physical presence. When this mismatch happens, the employee generally must file a nonresident return in the state where withholding occurred to recover the incorrectly withheld amount, plus a resident return in their actual home state reporting the income properly. Keeping payroll records updated with an employee's true work location helps avoid this year-end reconciliation problem.",Withholding is sometimes based on employer location rather than actual work location|Mismatches happen when payroll setup lags behind where an employee really works|Incorrect withholding may require a nonresident return just to recover it|Updated payroll records help prevent the mismatch
644,Residency & Multi-State Filing,Remote Work & Multi-State Sourcing,Medium,Assessment,12,Employer State vs. Physical Work Location,A mismatch between where withholding is taken and where the employee actually works can require filing in both states just to sort out the taxes correctly.,
645,Residency & Multi-State Filing,Remote Work & Multi-State Sourcing,Medium,Recovery,12,Employer State vs. Physical Work Location,"Think of it like a package shipped to the wrong address - the tax withholding went to the state on file, but the employee actually lives and works somewhere else, so it takes an extra return to redirect things to where they really belong.",
646,Residency & Multi-State Filing,Remote Work & Multi-State Sourcing,Hard,Standard,13,Convenience of the Employer Rule,"Some states apply a convenience-of-the-employer type rule, under which a remote employee's wages can still be sourced to the employer's state even though the employee physically works from a different state, if the arrangement to work remotely was for the employee's own convenience rather than a genuine requirement of the job. Under this approach, only remote work that the employer specifically requires - because the job cannot be done from the employer's location - escapes being sourced back to the employer's state. This creates a real risk of double taxation, since the employee's actual home state may also tax the same wages as a full-year resident, and not every state offers a credit that fully offsets the other state's convenience-based claim. Tax preparers should recognize this as a conceptual category of state rule rather than assume every remote work situation is taxed only where the employee is sitting.",Some states can source remote wages to the employer's state under a convenience-based approach|Applies when remote work is for employee convenience rather than employer necessity|Can create double taxation if the home state also fully taxes the same wages|Not a universal rule - it varies significantly by state
647,Residency & Multi-State Filing,Remote Work & Multi-State Sourcing,Hard,Assessment,13,Convenience of the Employer Rule,"A convenience-of-the-employer type rule can let a state tax remote wages as if the work happened at the employer's location, if the remote arrangement was the employee's choice rather than a job requirement.",
648,Residency & Multi-State Filing,Remote Work & Multi-State Sourcing,Hard,Recovery,13,Convenience of the Employer Rule,"Think of it as the state asking why you're working from home - if the answer is just that it's more convenient for you, some states say the work still counts as happening at the office, tax-wise, even though you're miles away.",
649,Residency & Multi-State Filing,State Tax Variation,Easy,Standard,14,States With No Earned Income Tax,"A handful of states do not impose a broad-based tax on wage and earned income at all, meaning residents of those states have no state income tax return to file on their wages. This does not necessarily mean those states collect no tax revenue from individuals, since some still tax certain types of investment income or rely more heavily on other tax sources like sales or property tax. A taxpayer who works in a no-income-tax state but lives elsewhere may still owe tax to their home state on those wages, since the absence of a tax in one state does not exempt income from another state's rules. Tax preparers should never assume a client owes nothing at the state level just because one state involved happens to have no earned income tax.",A handful of states have no broad-based tax on wage income|Those states may still tax other income types or rely on other tax sources|Working in a no-tax state doesn't exempt a resident of another state from owing there|Never assume zero state liability just because one state involved has no income tax
650,Residency & Multi-State Filing,State Tax Variation,Easy,Assessment,14,States With No Earned Income Tax,"A handful of states don't tax earned wage income at all, but that doesn't automatically mean a taxpayer owes nothing at the state level overall.",
651,Residency & Multi-State Filing,State Tax Variation,Easy,Recovery,14,States With No Earned Income Tax,"Think of it like one store in a shopping center having no sales tax - that doesn't mean nothing anywhere is taxed, it just means that one particular stop doesn't charge it, so you still have to check the rest of the center.",
652,Residency & Multi-State Filing,State Tax Variation,Medium,Standard,15,State Tax Independence from Federal Rules,"Each state sets its own income tax rules independently of federal law, meaning a state can define residency, taxable income, deductions, and credits differently than the IRS does, even when using the federal return as a starting point. Some states begin their calculation with federal adjusted gross income and then apply their own separate additions and subtractions, while others build taxable income using largely their own definitions. Because of this independence, a rule that is true for federal purposes, such as how a dependent is claimed or how certain income is treated, is not guaranteed to apply the same way on a given state return. This is exactly why state tax knowledge remains essential for a tax preparer even after mastering federal rules - getting the federal return right does not guarantee the state return is right too.",States set their own income tax rules independently of federal law|Many start from federal AGI but apply their own adjustments|Federal treatment of an item doesn't guarantee the same state treatment|State-specific knowledge is essential beyond federal expertise
653,Residency & Multi-State Filing,State Tax Variation,Medium,Assessment,15,State Tax Independence from Federal Rules,"States set their own income tax rules independently of federal law, so a federal rule doesn't automatically carry over to how a state treats the same item.",
654,Residency & Multi-State Filing,State Tax Variation,Medium,Recovery,15,State Tax Independence from Federal Rules,"Think of the federal return as a starting recipe that each state is free to season its own way - some states barely change it, others rewrite big parts of it, so knowing the federal version alone doesn't tell you how the state version will turn out.",
